record_id,panel_rows,finite_count,coverage,zero_share,mean,std,minimum,maximum,bin_lower,bin_upper,unit_interval_bins
ctrl01_periodic_c__side_absnet__den_all_orders__win_0930_0935,1017106,1014445,0.9973837535124166,0.25124575506804214,0.005609942439029039,0.007226004764179976,0.0,0.23571531690099773,0.0,1.0,True
ctrl01_periodic_c__side_buy__den_all_orders__win_0930_0935,1017106,1014445,0.9973837535124166,0.31007693862161084,0.01300784152645969,0.012608999618457555,0.0,0.23571531690099773,0.0,1.0,True
ctrl01_periodic_c__side_net__den_all_orders__win_0930_0935,1017106,1014445,0.9973837535124166,0.25124575506804214,-0.0006972548003043039,0.009121427232874436,-0.19225521848178684,0.23571531690099773,-0.19225521848178684,0.23571531690099773,False
ctrl01_periodic_c__side_sell__den_all_orders__win_0930_0935,1017106,1014445,0.9973837535124166,0.32655590002415114,0.013705096326763994,0.013335645851979838,0.0,0.19225521848178684,0.0,1.0,True
ctrl01_periodic_c__side_total__den_all_orders__win_0930_0935,1017106,1014445,0.9973837535124166,0.2512132249653752,0.02671293785322368,0.024299222386133197,0.0,0.23571531690099773,0.0,1.0,True
ctrl02_fixed_c__side_absnet__den_all_orders__win_0930_0935,1017106,1014445,0.9973837535124166,0.26063413984986866,0.00021157125497249299,0.0008148473534528582,0.0,0.05844395492867418,0.0,1.0,True
ctrl02_fixed_c__side_buy__den_all_orders__win_0930_0935,1017106,1014445,0.9973837535124166,0.3231678405433513,0.0001443825568121936,0.0006891627362739111,0.0,0.05844402378183333,0.0,1.0,True
ctrl02_fixed_c__side_net__den_all_orders__win_0930_0935,1017106,1014445,0.9973837535124166,0.26063413984986866,1.2821151218283595e-05,0.0008417685094140792,-0.0499732020676563,0.05844395492867418,-0.0499732020676563,0.05844395492867418,False
ctrl02_fixed_c__side_sell__den_all_orders__win_0930_0935,1017106,1014445,0.9973837535124166,0.3372730902118893,0.00013156140559390987,0.0006499067071603003,0.0,0.05329318922421051,0.0,1.0,True
ctrl02_fixed_c__side_total__den_all_orders__win_0930_0935,1017106,1014445,0.9973837535124166,0.26063413984986866,0.00027594396240610355,0.0010421486394558961,0.0,0.058444092634992485,0.0,1.0,True
ctrl03_volpart_c__side_absnet__den_all_orders__win_0930_0935,1017106,1014445,0.9973837535124166,1.0,0.0,0.0,0.0,0.0,0.0,1.0,True
ctrl03_volpart_c__side_buy__den_all_orders__win_0930_0935,1017106,1014445,0.9973837535124166,1.0,0.0,0.0,0.0,0.0,0.0,1.0,True
ctrl03_volpart_c__side_net__den_all_orders__win_0930_0935,1017106,1014445,0.9973837535124166,1.0,0.0,0.0,0.0,0.0,0.0,1.0,True
ctrl03_volpart_c__side_sell__den_all_orders__win_0930_0935,1017106,1014445,0.9973837535124166,1.0,0.0,0.0,0.0,0.0,0.0,1.0,True
ctrl03_volpart_c__side_total__den_all_orders__win_0930_0935,1017106,1014445,0.9973837535124166,1.0,0.0,0.0,0.0,0.0,0.0,1.0,True
ctrl04_oneshot_c__status_diagnostic__den_all_orders__win_0930_0935,1017106,1014445,0.9973837535124166,0.9999980284786263,8.50308852156739e-09,6.960432285419917e-06,0.0,0.006756756756756757,0.0,1.0,True
f01_cancel_c__side_absnet__den_all_orders__win_0930_0935,1017106,1014445,0.9973837535124166,0.0040771062009276006,0.06017124574121508,0.0499077110196956,0.0,0.8515017994685682,0.0,1.0,True
f01_cancel_c__side_buy__den_all_orders__win_0930_0935,1017106,1014445,0.9973837535124166,0.0011168668582328268,0.1019145521503513,0.05532678085493641,0.0,0.7652702189596253,0.0,1.0,True
f01_cancel_c__side_net__den_all_orders__win_0930_0935,1017106,1014445,0.9973837535124166,0.0040771062009276006,0.003696596352079492,0.07808773020574315,-0.8515017994685682,0.7652702189596253,-0.8515017994685682,0.7652702189596253,False
f01_cancel_c__side_sell__den_all_orders__win_0930_0935,1017106,1014445,0.9973837535124166,0.0016196048085406307,0.09821795579827172,0.05391931716619431,0.0,0.8515017994685682,0.0,1.0,True
f01_cancel_c__side_total__den_all_orders__win_0930_0935,1017106,1014445,0.9973837535124166,3.943042747512187e-06,0.20013250794862295,0.07641333180926435,0.0,0.8515017994685682,0.0,1.0,True
f02_cfrac_c__side_absnet__den_all_orders__win_0930_0935,1017106,1014445,0.9973837535124166,0.0002602408213358043,0.059171204327904445,0.049272246481551714,0.0,0.8515017994685682,0.0,1.0,True
f02_cfrac_c__side_buy__den_all_orders__win_0930_0935,1017106,1014445,0.9973837535124166,0.0011168668582328268,0.0991918421526234,0.05419980887559331,0.0,0.7651732313960931,0.0,1.0,True
f02_cfrac_c__side_net__den_all_orders__win_0930_0935,1017106,1014445,0.9973837535124166,0.0002602408213358043,0.0038563424028386084,0.07690327898227403,-0.8515017994685682,0.7651732313960931,-0.8515017994685682,0.7651732313960931,False
f02_cfrac_c__side_sell__den_all_orders__win_0930_0935,1017106,1014445,0.9973837535124166,0.0016196048085406307,0.09533549974978478,0.0527665259301568,0.0,0.8515017994685682,0.0,1.0,True
f02_cfrac_c__side_total__den_all_orders__win_0930_0935,1017106,1014445,0.9973837535124166,3.943042747512187e-06,0.19452734190240806,0.07436219982996789,0.0,0.8515017994685682,0.0,1.0,True
f03_curg_hybrid_c__side_absnet__den_all_orders__win_0930_0935,1017106,1014445,0.9973837535124166,3.943042747512187e-06,0.010533805343958078,0.011712421513893583,0.0,0.8311838805408398,0.0,1.0,True
f03_curg_hybrid_c__side_buy__den_all_orders__win_0930_0935,1017106,1014445,0.9973837535124166,0.0011168668582328268,0.016152366663013805,0.01433553324416846,0.0,0.733487109786067,0.0,1.0,True
f03_curg_hybrid_c__side_net__den_all_orders__win_0930_0935,1017106,1014445,0.9973837535124166,3.943042747512187e-06,0.0025208536823042088,0.015549507048647243,-0.8311838805408398,0.733487109786067,-0.8311838805408398,0.733487109786067,False
f03_curg_hybrid_c__side_sell__den_all_orders__win_0930_0935,1017106,1014445,0.9973837535124166,0.0016196048085406307,0.013631512980709585,0.012026833769498197,0.0,0.8311838805408398,0.0,1.0,True
f03_curg_hybrid_c__side_total__den_all_orders__win_0930_0935,1017106,1014445,0.9973837535124166,3.943042747512187e-06,0.029783879643723393,0.02141301749804713,0.0,0.8311838805408398,0.0,1.0,True
f04_subhuman_50ms_c__side_absnet__den_all_orders__win_0930_0935,1017106,1014445,0.9973837535124166,0.00012519160723351193,0.0011572888908646278,0.002641143986971001,0.0,0.855846278693679,0.0,1.0,True
f04_subhuman_50ms_c__side_buy__den_all_orders__win_0930_0935,1017106,1014445,0.9973837535124166,0.0016994514241777524,0.001198015944253439,0.0025143073105407926,0.0,0.7540912738800661,0.0,1.0,True
f04_subhuman_50ms_c__side_net__den_all_orders__win_0930_0935,1017106,1014445,0.9973837535124166,0.00012519160723351193,0.0003377074386636864,0.002863723593977423,-0.855846278693679,0.7540912738800661,-0.855846278693679,0.7540912738800661,False
f04_subhuman_50ms_c__side_sell__den_all_orders__win_0930_0935,1017106,1014445,0.9973837535124166,0.0021982463317380438,0.000860308505589753,0.0018562386914444857,0.0,0.855846278693679,0.0,1.0,True
f04_subhuman_50ms_c__side_total__den_all_orders__win_0930_0935,1017106,1014445,0.9973837535124166,7.688933357648764e-05,0.002058324449843193,0.0033665730112691548,0.0,0.855846278693679,0.0,1.0,True
f05_fleet_c__side_absnet__den_all_orders__win_0930_0935,1017106,1014445,0.9973837535124166,3.943042747512187e-06,0.010450131124556864,0.011656724786214726,0.0,0.8311838805408398,0.0,1.0,True
f05_fleet_c__side_buy__den_all_orders__win_0930_0935,1017106,1014445,0.9973837535124166,0.0011168668582328268,0.01592838115997886,0.014219518676922968,0.0,0.7334869016759461,0.0,1.0,True
f05_fleet_c__side_net__den_all_orders__win_0930_0935,1017106,1014445,0.9973837535124166,3.943042747512187e-06,0.002518940680744827,0.015451194488092939,-0.8311838805408398,0.7334869016759461,-0.8311838805408398,0.7334869016759461,False
f05_fleet_c__side_sell__den_all_orders__win_0930_0935,1017106,1014445,0.9973837535124166,0.0016196048085406307,0.013409440479234038,0.011910362669390091,0.0,0.8311838805408398,0.0,1.0,True
f05_fleet_c__side_total__den_all_orders__win_0930_0935,1017106,1014445,0.9973837535124166,3.943042747512187e-06,0.029337821639212888,0.021198195430994847,0.0,0.8311838805408398,0.0,1.0,True
f06_touchfleet_c__side_absnet__den_all_orders__win_0930_0935,1017106,1014445,0.9973837535124166,3.943042747512187e-06,0.00944922610431735,0.010622786716039775,0.0,0.3565773003535022,0.0,1.0,True
f06_touchfleet_c__side_buy__den_all_orders__win_0930_0935,1017106,1014445,0.9973837535124166,0.0011789697815061439,0.01410311384930095,0.012703231359171091,0.0,0.3565773003535022,0.0,1.0,True
f06_touchfleet_c__side_net__den_all_orders__win_0930_0935,1017106,1014445,0.9973837535124166,3.943042747512187e-06,0.002198055352606696,0.01404635270281437,-0.25313248172062947,0.3565773003535022,-0.25313248172062947,0.3565773003535022,False
f06_touchfleet_c__side_sell__den_all_orders__win_0930_0935,1017106,1014445,0.9973837535124166,0.00190251812567463,0.011905058496694263,0.010604766396621395,0.0,0.2625510706200894,0.0,1.0,True
f06_touchfleet_c__side_total__den_all_orders__win_0930_0935,1017106,1014445,0.9973837535124166,3.943042747512187e-06,0.02600817234599521,0.018718073894800562,0.0,0.3565773003535022,0.0,1.0,True
f07_pfexit_c__side_absnet__den_all_orders__win_0930_0935,1017106,1014445,0.9973837535124166,0.010461878169836708,0.0008184914911785173,0.0008227956845821669,0.0,0.02354044659107839,0.0,1.0,True
f07_pfexit_c__side_buy__den_all_orders__win_0930_0935,1017106,1014445,0.9973837535124166,0.03663185288507509,0.0011841442892305586,0.0009299989900205492,0.0,0.023651549676442535,0.0,1.0,True
f07_pfexit_c__side_net__den_all_orders__win_0930_0935,1017106,1014445,0.9973837535124166,0.010461878169836708,-2.8396511771972406e-05,0.001160221831296866,-0.02354044659107839,0.022735067996379074,-0.02354044659107839,0.022735067996379074,False
f07_pfexit_c__side_sell__den_all_orders__win_0930_0935,1017106,1014445,0.9973837535124166,0.03197117635751569,0.0012125408010025312,0.0009463374657889106,0.0,0.02354044659107839,0.0,1.0,True
f07_pfexit_c__side_total__den_all_orders__win_0930_0935,1017106,1014445,0.9973837535124166,0.010461878169836708,0.00239668509023309,0.0014747171740276794,0.0,0.028926357113992766,0.0,1.0,True
f100_maker_depletion_refill__den_all_orders__win_0930_0935,1017106,1014445,0.9973837535124166,0.004036690012765601,0.02506627715071395,0.013401337448897996,0.0,0.2300113153106053,0.0,1.0,True
f101_maker_against_book__den_all_orders__win_0930_0935,1017106,1014445,0.9973837535124166,0.0030312141121499932,0.01910948319935032,0.013245856466622623,0.0,0.22718665202288676,0.0,1.0,True
f102_maker_against_ofi__den_all_orders__win_0930_0935,1017106,1014445,0.9973837535124166,0.003046000522453164,0.0011697308906301741,0.001350796359575985,0.0,0.02847419480779629,0.0,1.0,True
f103_maker_balanced_sides__den_all_orders__win_0930_0935,1017106,1014445,0.9973837535124166,0.027733391164626964,0.04181100571619159,0.04718318501429761,0.0,0.519568966481034,0.0,1.0,True
f104_stale_quote_refresh__den_all_orders__win_0930_0935,1017106,1014445,0.9973837535124166,0.004316646047838966,0.029169354964408065,0.015079977755144709,0.0,0.3492464992752145,0.0,1.0,True
f105_queue_competition__den_all_orders__win_0930_0935,1017106,1014445,0.9973837535124166,0.006113687780017645,0.05103052139157632,0.02731885814850758,0.0,0.28968506581355413,0.0,1.0,True
f106_taker_aggressive__den_all_orders__win_0930_0935,1017106,1014445,0.9973837535124166,1.8729453050682886e-05,0.10569343944972845,0.027673933263565518,0.0,0.8569451653569243,0.0,1.0,True
f107_taker_depth_consuming__den_all_orders__win_0930_0935,1017106,1014445,0.9973837535124166,0.000232639522103219,0.0035004805415736143,0.0029696039267896415,0.0,0.03104741670416952,0.0,1.0,True
f108_taker_multilevel_sweep__den_all_orders__win_0930_0935,1017106,1014445,0.9973837535124166,0.02985967696622291,0.0028133546227895696,0.002296118160652708,0.0,0.030680383647917284,0.0,1.0,True
f109_taker_child_execution__den_all_orders__win_0930_0935,1017106,1014445,0.9973837535124166,0.0011819270635667779,0.01658892652101519,0.01034359031738292,0.0,0.18546963663224572,0.0,1.0,True
f10_repost_both_c__side_absnet__den_all_orders__win_0930_0935,1017106,1014445,0.9973837535124166,0.0025481913755797505,0.04622379832457716,0.039424962448629745,0.0,0.8269485699146698,0.0,1.0,True
f10_repost_both_c__side_buy__den_all_orders__win_0930_0935,1017106,1014445,0.9973837535124166,0.006407444464707303,0.07058951899967794,0.043301334409898085,0.0,0.7340240611568682,0.0,1.0,True
f10_repost_both_c__side_net__den_all_orders__win_0930_0935,1017106,1014445,0.9973837535124166,0.0025481913755797505,0.0025416143252580854,0.06070014326382345,-0.8269485699146698,0.7340240611568682,-0.8269485699146698,0.7340240611568682,False
f10_repost_both_c__side_sell__den_all_orders__win_0930_0935,1017106,1014445,0.9973837535124166,0.006615439969638571,0.06804790467441987,0.043085589929402264,0.0,0.8269485699146698,0.0,1.0,True
f10_repost_both_c__side_total__den_all_orders__win_0930_0935,1017106,1014445,0.9973837535124166,0.0025481913755797505,0.13863742367409784,0.06146738850997483,0.0,0.8269485699146698,0.0,1.0,True
f10_repost_cf_c__side_absnet__den_all_orders__win_0930_0935,1017106,1014445,0.9973837535124166,0.0036433714987012603,0.03775712796035424,0.033189686949887796,0.0,0.8269485699146698,0.0,1.0,True
f10_repost_cf_c__side_buy__den_all_orders__win_0930_0935,1017106,1014445,0.9973837535124166,0.009126172439116956,0.053670251677176414,0.035563047723414606,0.0,0.7340240611568682,0.0,1.0,True
f10_repost_cf_c__side_net__den_all_orders__win_0930_0935,1017106,1014445,0.9973837535124166,0.0036433714987012603,0.000678621792771381,0.05026624617085,-0.8269485699146698,0.7340240611568682,-0.8269485699146698,0.7340240611568682,False
f10_repost_cf_c__side_sell__den_all_orders__win_0930_0935,1017106,1014445,0.9973837535124166,0.0090837847295812,0.05299162988440506,0.035733807211178005,0.0,0.8269485699146698,0.0,1.0,True
f10_repost_cf_c__side_total__den_all_orders__win_0930_0935,1017106,1014445,0.9973837535124166,0.0036433714987012603,0.10666188156158145,0.05056258674413824,0.0,0.8269485699146698,0.0,1.0,True
f10_repost_rf_c__side_absnet__den_all_orders__win_0930_0935,1017106,1014445,0.9973837535124166,0.007075790210410619,0.033656441304020575,0.030608724822058304,0.0,0.49536070466993287,0.0,1.0,True
f10_repost_rf_c__side_buy__den_all_orders__win_0930_0935,1017106,1014445,0.9973837535124166,0.013389587409864507,0.04882330745316979,0.03475548416245755,0.0,0.37873266037942144,0.0,1.0,True
f10_repost_rf_c__side_net__den_all_orders__win_0930_0935,1017106,1014445,0.9973837535124166,0.007075790210410619,0.003485384320276567,0.045359697669003926,-0.49536070466993287,0.3663070164475396,-0.49536070466993287,0.3663070164475396,False
f10_repost_rf_c__side_sell__den_all_orders__win_0930_0935,1017106,1014445,0.9973837535124166,0.013866695582313482,0.04533792313289327,0.03393557837180171,0.0,0.5030261475574863,0.0,1.0,True
f10_repost_rf_c__side_total__den_all_orders__win_0930_0935,1017106,1014445,0.9973837535124166,0.007075790210410619,0.09416123058606302,0.05159100837323905,0.0,0.5106915904450398,0.0,1.0,True
f110_taker_buy_pressure__den_all_orders__win_0930_0935,1017106,1014445,0.9973837535124166,0.002896164898047701,0.0014746619675541194,0.0012993635440544566,0.0,0.016264186761856838,0.0,1.0,True
f111_taker_sell_pressure__den_all_orders__win_0930_0935,1017106,1014445,0.9973837535124166,0.0029484102144522375,0.0014538184892533264,0.0013420951844831147,0.0,0.02056005924682932,0.0,1.0,True
f112_trend_execution_buy__den_all_orders__win_0930_0935,1017106,1014445,0.9973837535124166,0.004570972305053502,0.008267693143734602,0.00958251492335713,0.0,0.13645126707174174,0.0,1.0,True
f113_trend_execution_sell__den_all_orders__win_0930_0935,1017106,1014445,0.9973837535124166,0.004149066731069699,0.008221034286711776,0.009761988189875571,0.0,0.1364831121877042,0.0,1.0,True
f114_counterflow_buy_liquidity__den_all_orders__win_0930_0935,1017106,1014445,0.9973837535124166,0.00398641621773482,0.0005793880273856032,0.0007465936733174766,0.0,0.020736253335136325,0.0,1.0,True
f115_counterflow_sell_liquidity__den_all_orders__win_0930_0935,1017106,1014445,0.9973837535124166,0.004099778696725796,0.0005903428632445717,0.000763998944917383,0.0,0.025921062046209017,0.0,1.0,True
f116_flow_amplification__den_all_orders__win_0930_0935,1017106,1014445,0.9973837535124166,0.002747315034329116,0.0029284804568074476,0.0022860209782597078,0.0,0.023483622245900556,0.0,1.0,True
f117_flow_absorption__den_all_orders__win_0930_0935,1017106,1014445,0.9973837535124166,0.003046000522453164,0.0011697308906301741,0.001350796359575985,0.0,0.02847419480779629,0.0,1.0,True
f118_withdraw_spread_widening__den_all_orders__win_0930_0935,1017106,1014445,0.9973837535124166,0.003913469926905845,0.024769367308402488,0.017519460095670465,0.0,0.2920018110160669,0.0,1.0,True
f119_withdraw_volatility_jump__den_all_orders__win_0930_0935,1017106,1014445,0.9973837535124166,0.002305694246607751,0.0191355169108256,0.01503578969961848,0.0,0.29147293174864786,0.0,1.0,True
f11_urgentrep_c__side_absnet__den_all_orders__win_0930_0935,1017106,1014445,0.9973837535124166,0.0025481913755797505,0.009430724378465713,0.010728098557153508,0.0,0.8263639274000045,0.0,1.0,True
f11_urgentrep_c__side_buy__den_all_orders__win_0930_0935,1017106,1014445,0.9973837535124166,0.006407444464707303,0.013976235919965118,0.012979757346581062,0.0,0.7291068019831947,0.0,1.0,True
f11_urgentrep_c__side_net__den_all_orders__win_0930_0935,1017106,1014445,0.9973837535124166,0.0025481913755797505,0.0017584759855651564,0.014175275064801294,-0.8263639274000045,0.7291068019831947,-0.8263639274000045,0.7291068019831947,False
f11_urgentrep_c__side_sell__den_all_orders__win_0930_0935,1017106,1014445,0.9973837535124166,0.006615439969638571,0.012217759934399941,0.011870525565784778,0.0,0.8263639274000045,0.0,1.0,True
f11_urgentrep_c__side_total__den_all_orders__win_0930_0935,1017106,1014445,0.9973837535124166,0.0025481913755797505,0.02619399585436507,0.02044085450281793,0.0,0.8263639274000045,0.0,1.0,True
f120_withdraw_imbalance_flip__den_all_orders__win_0930_0935,1017106,1014445,0.9973837535124166,0.03635189685000172,0.0015071273572071914,0.0020899301700595158,0.0,0.05474052895065412,0.0,1.0,True
f121_cancel_impact_signed_250ms__den_all_orders__win_0930_0935,1017106,1014445,0.9973837535124166,0.004209198132969259,-4.2445464234766776e-05,0.003453495704507397,-0.09385979658037737,0.11286581556168533,-0.09385979658037737,0.11286581556168533,False
f122_cancel_impact_abs_250ms__den_all_orders__win_0930_0935,1017106,1014445,0.9973837535124166,0.004209198132969259,0.007777696458453899,0.006817957639023426,0.0,0.14450545972827467,0.0,1.0,True
f123_algo_refill_100ms__den_all_orders__win_0930_0935,1017106,1014445,0.9973837535124166,0.0051249698110789645,0.05834213266464006,0.031629844125515144,0.0,0.4029918278126493,0.0,1.0,True
f124_algo_refill_500ms__den_all_orders__win_0930_0935,1017106,1014445,0.9973837535124166,0.0037320899605202845,0.08700201216052053,0.039885331345623706,0.0,0.4270531242973521,0.0,1.0,True
f125_algo_refill_1000ms__den_all_orders__win_0930_0935,1017106,1014445,0.9973837535124166,0.003368344267062285,0.1016794766476812,0.045219563803912795,0.0,0.4413644916123894,0.0,1.0,True
f126_algo_shock_withdrawal__den_all_orders__win_0930_0935,1017106,1014445,0.9973837535124166,0.0035122653273464803,0.02488219126212981,0.017608527074264305,0.0,0.2920260467255406,0.0,1.0,True
f127_algo_herding_follow__den_all_orders__win_0930_0935,1017106,1014445,0.9973837535124166,0.0007541069254617057,0.08115384620416885,0.03763121001509517,0.0,0.4148205688531366,0.0,1.0,True
f128_algo_herding_contrarian__den_all_orders__win_0930_0935,1017106,1014445,0.9973837535124166,0.0011779840208192658,0.05572016660445592,0.037289237131893124,0.0,0.3786170491516078,0.0,1.0,True
f129_high_algo_illiquid__den_all_orders__win_0930_0935,1017106,1014445,0.9973837535124166,9.857606868780467e-07,0.10850173477952404,0.0633561740012516,0.0,0.44472448474533316,0.0,1.0,True
f12_residrep_c__side_absnet__den_all_orders__win_0930_0935,1017106,1014445,0.9973837535124166,0.0025481913755797505,0.04622379832457716,0.039424962448629745,0.0,0.8269485699146698,0.0,1.0,True
f12_residrep_c__side_buy__den_all_orders__win_0930_0935,1017106,1014445,0.9973837535124166,0.006407444464707303,0.07058951899967794,0.043301334409898085,0.0,0.7340240611568682,0.0,1.0,True
f12_residrep_c__side_net__den_all_orders__win_0930_0935,1017106,1014445,0.9973837535124166,0.0025481913755797505,0.0025416143252580854,0.06070014326382345,-0.8269485699146698,0.7340240611568682,-0.8269485699146698,0.7340240611568682,False
f12_residrep_c__side_sell__den_all_orders__win_0930_0935,1017106,1014445,0.9973837535124166,0.006615439969638571,0.06804790467441987,0.043085589929402264,0.0,0.8269485699146698,0.0,1.0,True
f12_residrep_c__side_total__den_all_orders__win_0930_0935,1017106,1014445,0.9973837535124166,0.0025481913755797505,0.13863742367409784,0.06146738850997483,0.0,0.8269485699146698,0.0,1.0,True
f130_low_algo_illiquid__den_all_orders__win_0930_0935,1017106,1014445,0.9973837535124166,0.0,0.2060353277778237,0.058688880304666874,0.023368601710898784,0.5569215315304169,0.0,1.0,True
f131_maker_minus_taker__den_all_orders__win_0930_0935,1017106,1014445,0.9973837535124166,1.8729453050682886e-05,0.009803059612358988,0.059452614445557994,-0.8569451653569243,0.5695928072441876,-0.8569451653569243,0.5695928072441876,False
f132_refill_minus_withdrawal__den_all_orders__win_0930_0935,1017106,1014445,0.9973837535124166,0.002706898846167116,0.07679728538555144,0.03689529739911245,-0.09443349610512627,0.36645916412930085,-0.09443349610512627,0.36645916412930085,False
f133_directional_taker_net__den_all_orders__win_0930_0935,1017106,1014445,0.9973837535124166,0.002747315034329116,2.0843478300791264e-05,0.0013240990501535593,-0.01909940394114242,0.014926363139520879,-0.01909940394114242,0.014926363139520879,False
f13_refresh_c__side_absnet__den_all_orders__win_0930_0935,1017106,1014445,0.9973837535124166,0.004255528885252527,0.015736137178324443,0.014935140243068058,0.0,0.3599395122328081,0.0,1.0,True
f13_refresh_c__side_buy__den_all_orders__win_0930_0935,1017106,1014445,0.9973837535124166,0.0076031721778903735,0.02323375339915085,0.01585023867108088,0.0,0.3691525376689996,0.0,1.0,True
f13_refresh_c__side_net__den_all_orders__win_0930_0935,1017106,1014445,0.9973837535124166,0.004255528885252527,0.0026640819973172986,0.02153107276674169,-0.35891339734966304,0.3599395122328081,-0.35891339734966304,0.3599395122328081,False
f13_refresh_c__side_sell__den_all_orders__win_0930_0935,1017106,1014445,0.9973837535124166,0.007371518416474033,0.020569671401833568,0.014732659188055414,0.0,0.35891339734966304,0.0,1.0,True
f13_refresh_c__side_total__den_all_orders__win_0930_0935,1017106,1014445,0.9973837535124166,0.004255528885252527,0.04380342480098446,0.021748000617907673,0.0,0.37836556310519104,0.0,1.0,True
f14_pricesave_c__side_absnet__den_all_orders__win_0930_0935,1017106,1014445,0.9973837535124166,0.010757606375900123,0.007641071845695517,0.010181898409587376,0.0,0.25337973229120025,0.0,1.0,True
f14_pricesave_c__side_buy__den_all_orders__win_0930_0935,1017106,1014445,0.9973837535124166,0.032621778410855194,0.00921130359694354,0.013729497613081126,0.0,0.23204940257821202,0.0,1.0,True
f14_pricesave_c__side_net__den_all_orders__win_0930_0935,1017106,1014445,0.9973837535124166,0.010757606375900123,-0.003917115764258165,0.012112524025306982,-0.25337973229120025,0.1852946585063977,-0.25337973229120025,0.1852946585063977,False
f14_pricesave_c__side_sell__den_all_orders__win_0930_0935,1017106,1014445,0.9973837535124166,0.025039307207389262,0.013128419361201705,0.015874679668284798,0.0,0.323388279139718,0.0,1.0,True
f14_pricesave_c__side_total__den_all_orders__win_0930_0935,1017106,1014445,0.9973837535124166,0.010757606375900123,0.022339722958145226,0.02709789438854748,0.0,0.41335888225533823,0.0,1.0,True
f15_aggrep_c__side_absnet__den_all_orders__win_0930_0935,1017106,1014445,0.9973837535124166,0.005739098719003987,0.016808990827973394,0.02222786101877293,0.0,0.3462703882193077,0.0,1.0,True
f15_aggrep_c__side_buy__den_all_orders__win_0930_0935,1017106,1014445,0.9973837535124166,0.010744791486970709,0.022928163402208858,0.028839578356846717,0.0,0.3972795523217601,0.0,1.0,True
f15_aggrep_c__side_net__den_all_orders__win_0930_0935,1017106,1014445,0.9973837535124166,0.005739098719003987,0.0008570884003283154,0.027854719126187602,-0.34266219961729816,0.3462703882193077,-0.34266219961729816,0.3462703882193077,False
f15_aggrep_c__side_sell__den_all_orders__win_0930_0935,1017106,1014445,0.9973837535124166,0.01074380572628383,0.022071075001880536,0.027666645190717026,0.0,0.41789462251204934,0.0,1.0,True
f15_aggrep_c__side_total__den_all_orders__win_0930_0935,1017106,1014445,0.9973837535124166,0.005739098719003987,0.04499923840408942,0.04917767475410623,0.0,0.5527440004327572,0.0,1.0,True
f16_queueimp_c__side_absnet__den_all_orders__win_0930_0935,1017106,1014445,0.9973837535124166,0.005891891625470084,0.02818355691761293,0.025103113716645035,0.0,0.33424751571953315,0.0,1.0,True
f16_queueimp_c__side_buy__den_all_orders__win_0930_0935,1017106,1014445,0.9973837535124166,0.010994188940750854,0.039654035984174815,0.028411835635318194,0.0,0.27228197857325515,0.0,1.0,True
f16_queueimp_c__side_net__den_all_orders__win_0930_0935,1017106,1014445,0.9973837535124166,0.005891891625470084,0.0009316097866461404,0.03773077393858447,-0.33424751571953315,0.24616126807041067,-0.33424751571953315,0.24616126807041067,False
f16_queueimp_c__side_sell__den_all_orders__win_0930_0935,1017106,1014445,0.9973837535124166,0.011090793488064903,0.0387224261975287,0.02819666654826522,0.0,0.3390654055296064,0.0,1.0,True
f16_queueimp_c__side_total__den_all_orders__win_0930_0935,1017106,1014445,0.9973837535124166,0.005890905864783207,0.07837646218170359,0.04220139233722278,0.0,0.36747607518330594,0.0,1.0,True
f17_split_c__side_absnet__den_all_orders__win_0930_0935,1017106,1014445,0.9973837535124166,0.01040568981068466,0.006077674362858496,0.0051820851133207915,0.0,0.08953956663185565,0.0,1.0,True
f17_split_c__side_buy__den_all_orders__win_0930_0935,1017106,1014445,0.9973837535124166,0.020066144542089517,0.009177605640511066,0.005877948333592147,0.0,0.07932407544579971,0.0,1.0,True
f17_split_c__side_net__den_all_orders__win_0930_0935,1017106,1014445,0.9973837535124166,0.01040568981068466,0.0006076053001464958,0.007963852559024575,-0.08953956663185565,0.07932407544579971,-0.08953956663185565,0.07932407544579971,False
f17_split_c__side_sell__den_all_orders__win_0930_0935,1017106,1014445,0.9973837535124166,0.019987283687139274,0.008570000340364571,0.005650113819775134,0.0,0.08953956663185565,0.0,1.0,True
f17_split_c__side_total__den_all_orders__win_0930_0935,1017106,1014445,0.9973837535124166,0.01040568981068466,0.01774760598087564,0.008338175939358856,0.0,0.08953956663185565,0.0,1.0,True
f18_merge_c__side_absnet__den_all_orders__win_0930_0935,1017106,1014445,0.9973837535124166,0.018905904213634056,0.0072333748140096295,0.0064883420032867695,0.0,0.0895452127692721,0.0,1.0,True
f18_merge_c__side_buy__den_all_orders__win_0930_0935,1017106,1014445,0.9973837535124166,0.04297818018719596,0.009647100896269183,0.008043479867358396,0.0,0.07927862457226005,0.0,1.0,True
f18_merge_c__side_net__den_all_orders__win_0930_0935,1017106,1014445,0.9973837535124166,0.018905904213634056,0.0007078633234135357,0.009691193046623834,-0.0895452127692721,0.07923616494006866,-0.0895452127692721,0.07923616494006866,False
f18_merge_c__side_sell__den_all_orders__win_0930_0935,1017106,1014445,0.9973837535124166,0.0411574801985322,0.008939237572855642,0.007495792389418578,0.0,0.0895452127692721,0.0,1.0,True
f18_merge_c__side_total__den_all_orders__win_0930_0935,1017106,1014445,0.9973837535124166,0.018905904213634056,0.01858633846912482,0.012159347070332376,0.0,0.0947203118601079,0.0,1.0,True
f19_c2mkt_c__side_absnet__den_all_orders__win_0930_0935,1017106,1014445,0.9973837535124166,0.008361222146099592,0.024523305297222943,0.022920385700719678,0.0,0.31816184780352225,0.0,1.0,True
f19_c2mkt_c__side_buy__den_all_orders__win_0930_0935,1017106,1014445,0.9973837535124166,0.015952565195747427,0.03296662697595639,0.026809324187738855,0.0,0.35129788704968384,0.0,1.0,True
f19_c2mkt_c__side_net__den_all_orders__win_0930_0935,1017106,1014445,0.9973837535124166,0.008361222146099592,0.00032293938763553885,0.03356534363778318,-0.28491710619637645,0.31816184780352225,-0.28491710619637645,0.31816184780352225,False
f19_c2mkt_c__side_sell__den_all_orders__win_0930_0935,1017106,1014445,0.9973837535124166,0.015364066065681234,0.03264368758832087,0.026282833792297965,0.0,0.33673454592870816,0.0,1.0,True
f19_c2mkt_c__side_total__den_all_orders__win_0930_0935,1017106,1014445,0.9973837535124166,0.008361222146099592,0.0656103145642772,0.04113905854040919,0.0,0.44697300574155335,0.0,1.0,True
f20_fillre_c__side_absnet__den_all_orders__win_0930_0935,1017106,1014445,0.9973837535124166,0.04101257337756113,0.0018312089478051696,0.0017876621555254664,0.0,0.04593631046686858,0.0,1.0,True
f20_fillre_c__side_buy__den_all_orders__win_0930_0935,1017106,1014445,0.9973837535124166,0.10858252542030371,0.002749264191599465,0.0022533581464987515,0.0,0.04593631046686858,0.0,1.0,True
f20_fillre_c__side_net__den_all_orders__win_0930_0935,1017106,1014445,0.9973837535124166,0.04101257337756113,6.6710501917143704e-06,0.002559104861061581,-0.04257704675565992,0.04593631046686858,-0.04257704675565992,0.04593631046686858,False
f20_fillre_c__side_sell__den_all_orders__win_0930_0935,1017106,1014445,0.9973837535124166,0.09796095401919276,0.0027425931414077507,0.0022307608735178987,0.0,0.04257704675565992,0.0,1.0,True
f20_fillre_c__side_total__den_all_orders__win_0930_0935,1017106,1014445,0.9973837535124166,0.04101257337756113,0.005491857333007211,0.003682229804413657,0.0,0.04593631046686858,0.0,1.0,True
f21_repburst_c__side_absnet__den_all_orders__win_0930_0935,1017106,1014445,0.9973837535124166,0.024727806830335798,0.01699894656743785,0.018062793911425838,0.0,0.520195739878849,0.0,1.0,True
f21_repburst_c__side_buy__den_all_orders__win_0930_0935,1017106,1014445,0.9973837535124166,0.055446081354829486,0.01857848043173297,0.018068128649644126,0.0,0.3899632731344399,0.0,1.0,True
f21_repburst_c__side_net__den_all_orders__win_0930_0935,1017106,1014445,0.9973837535124166,0.024727806830335798,0.0013215817895636905,0.02476857141344133,-0.520195739878849,0.38925294610755246,-0.520195739878849,0.38925294610755246,False
f21_repburst_c__side_sell__den_all_orders__win_0930_0935,1017106,1014445,0.9973837535124166,0.0517366638901074,0.017256898642169272,0.017499555163805493,0.0,0.520195739878849,0.0,1.0,True
f21_repburst_c__side_total__den_all_orders__win_0930_0935,1017106,1014445,0.9973837535124166,0.024727806830335798,0.03583537907390224,0.025532357466547796,0.0,0.520195739878849,0.0,1.0,True
f22_mktfill_c__status_diagnostic__den_all_orders__win_0930_0935,1017106,1014445,0.9973837535124166,1.9715213737560934e-06,0.362525142845908,0.07241141858030889,0.0,0.8093281533490719,0.0,1.0,True
f23_instfill_c__status_diagnostic__den_all_orders__win_0930_0935,1017106,1014445,0.9973837535124166,1.9715213737560934e-06,0.3954353035671523,0.08617948479092678,0.0,0.8093281533490719,0.0,1.0,True
f24_depth_c__status_diagnostic__den_all_orders__win_0930_0935,1017106,1014445,0.9973837535124166,1.9715213737560934e-06,0.015290671863632078,0.009849737508508545,0.0,0.07645121706886963,0.0,1.0,True
f25_sweep_c__status_diagnostic__den_all_orders__win_0930_0935,1017106,1014445,0.9973837535124166,0.027660444873797988,0.015492724708670582,0.010473484692143788,0.0,0.08486557060589361,0.0,1.0,True
f26_aggburst_c__side_absnet__den_all_orders__win_0930_0935,1017106,1014445,0.9973837535124166,0.2507814617845226,0.0013950678376535301,0.002225456436489278,0.0,0.17449815702212973,0.0,1.0,True
f26_aggburst_c__side_buy__den_all_orders__win_0930_0935,1017106,1014445,0.9973837535124166,0.30954561361138355,0.0020796218159846954,0.002858309488656958,0.0,0.08385259023155765,0.0,1.0,True
f26_aggburst_c__side_net__den_all_orders__win_0930_0935,1017106,1014445,0.9973837535124166,0.2507814617845226,0.00019992515843005553,0.002618950276999082,-0.17449815702212973,0.07073617455787036,-0.17449815702212973,0.07073617455787036,False
f26_aggburst_c__side_sell__den_all_orders__win_0930_0935,1017106,1014445,0.9973837535124166,0.32629073039938095,0.0018796966575546394,0.0028136955171205224,0.0,0.17637627657135688,0.0,1.0,True
f26_aggburst_c__side_total__den_all_orders__win_0930_0935,1017106,1014445,0.9973837535124166,0.2507814617845226,0.003959318473539336,0.0050313746271399284,0.0,0.17825439612058402,0.0,1.0,True
f27_childseq_c__side_absnet__den_all_orders__win_0930_0935,1017106,1014445,0.9973837535124166,0.2507814617845226,0.0015378993949889594,0.0026458588774125064,0.0,0.17462594162012884,0.0,1.0,True
f27_childseq_c__side_buy__den_all_orders__win_0930_0935,1017106,1014445,0.9973837535124166,0.30954561361138355,0.002148873788255386,0.0030722750381653096,0.0,0.16961576246319632,0.0,1.0,True
f27_childseq_c__side_net__den_all_orders__win_0930_0935,1017106,1014445,0.9973837535124166,0.2507814617845226,0.00020483083178096618,0.003053481304780151,-0.17462594162012884,0.16961576246319632,-0.17462594162012884,0.16961576246319632,False
f27_childseq_c__side_sell__den_all_orders__win_0930_0935,1017106,1014445,0.9973837535124166,0.32629073039938095,0.0019440429564744188,0.003069729862724816,0.0,0.17618282629118492,0.0,1.0,True
f27_childseq_c__side_total__den_all_orders__win_0930_0935,1017106,1014445,0.9973837535124166,0.2507814617845226,0.004092916744729804,0.005329210316907607,0.0,0.177739710962241,0.0,1.0,True
f28_liqswitch_c__side_absnet__den_all_orders__win_0930_0935,1017106,1014445,0.9973837535124166,0.008428253872807299,0.013945417384991264,0.013371890721846628,0.0,0.17155834117579402,0.0,1.0,True
f28_liqswitch_c__side_buy__den_all_orders__win_0930_0935,1017106,1014445,0.9973837535124166,0.01579878652859445,0.020009093188798507,0.016381992212001067,0.0,0.18954927173351135,0.0,1.0,True
f28_liqswitch_c__side_net__den_all_orders__win_0930_0935,1017106,1014445,0.9973837535124166,0.008428253872807299,0.00042457545499809617,0.01931584487413475,-0.16172240713102268,0.17155834117579402,-0.16172240713102268,0.17155834117579402,False
f28_liqswitch_c__side_sell__den_all_orders__win_0930_0935,1017106,1014445,0.9973837535124166,0.01586581825530216,0.019584517733800384,0.016231414293728815,0.0,0.1737789331351589,0.0,1.0,True
f28_liqswitch_c__side_total__den_all_orders__win_0930_0935,1017106,1014445,0.9973837535124166,0.00842726811212042,0.03959361092259891,0.026278414990554822,0.0,0.23511962113399668,0.0,1.0,True
f29_softrun_c__side_absnet__den_all_orders__win_0930_0935,1017106,1014445,0.9973837535124166,0.004368891364243502,0.03384803928009424,0.029051415682564277,0.0,0.36453821380938156,0.0,1.0,True
f29_softrun_c__side_buy__den_all_orders__win_0930_0935,1017106,1014445,0.9973837535124166,0.009938439245104467,0.049719704503845344,0.032581725314442596,0.0,0.30333438805338825,0.0,1.0,True
f29_softrun_c__side_net__den_all_orders__win_0930_0935,1017106,1014445,0.9973837535124166,0.004368891364243502,0.0015905688345203253,0.044577400182722604,-0.36453821380938156,0.29790713624008386,-0.36453821380938156,0.29790713624008386,False
f29_softrun_c__side_sell__den_all_orders__win_0930_0935,1017106,1014445,0.9973837535124166,0.010267683314521733,0.04812913566932504,0.03226985703135998,0.0,0.37173354530488134,0.0,1.0,True
f29_softrun_c__side_total__den_all_orders__win_0930_0935,1017106,1014445,0.9973837535124166,0.004368891364243502,0.09784884017317039,0.04710287026848581,0.0,0.380211782275343,0.0,1.0,True
f30_longrun_c__side_absnet__den_all_orders__win_0930_0935,1017106,1014445,0.9973837535124166,0.004368891364243502,0.0379016857604162,0.03378125235887532,0.0,0.46823700492232967,0.0,1.0,True
f30_longrun_c__side_buy__den_all_orders__win_0930_0935,1017106,1014445,0.9973837535124166,0.00993646772373071,0.05234300573516073,0.03705287992707818,0.0,0.4037940587754019,0.0,1.0,True
f30_longrun_c__side_net__den_all_orders__win_0930_0935,1017106,1014445,0.9973837535124166,0.004368891364243502,0.001575203839283709,0.05074671937455722,-0.46823700492232967,0.3989298474090628,-0.46823700492232967,0.3989298474090628,False
f30_longrun_c__side_sell__den_all_orders__win_0930_0935,1017106,1014445,0.9973837535124166,0.010267683314521733,0.05076780189587704,0.036857984454588544,0.0,0.47458429069736474,0.0,1.0,True
f30_longrun_c__side_total__den_all_orders__win_0930_0935,1017106,1014445,0.9973837535124166,0.004368891364243502,0.10311080763103779,0.053736620014755807,0.0,0.4833128786449493,0.0,1.0,True
f31_hcrun_c__side_absnet__den_all_orders__win_0930_0935,1017106,1014445,0.9973837535124166,0.004368891364243502,0.03481897288614427,0.030901253281297017,0.0,0.45799931427094187,0.0,1.0,True
f31_hcrun_c__side_buy__den_all_orders__win_0930_0935,1017106,1014445,0.9973837535124166,0.00993646772373071,0.048871865286001494,0.033894765654966845,0.0,0.3898191784869658,0.0,1.0,True
f31_hcrun_c__side_net__den_all_orders__win_0930_0935,1017106,1014445,0.9973837535124166,0.004368891364243502,0.0015580716595629876,0.04652763415331352,-0.45799931427094187,0.38520930748384125,-0.45799931427094187,0.38520930748384125,False
f31_hcrun_c__side_sell__den_all_orders__win_0930_0935,1017106,1014445,0.9973837535124166,0.010267683314521733,0.04731379362643849,0.03364432596564166,0.0,0.46434660004597694,0.0,1.0,True
f31_hcrun_c__side_total__den_all_orders__win_0930_0935,1017106,1014445,0.9973837535124166,0.004368891364243502,0.09618565891243995,0.04895682666462729,0.0,0.470693885821012,0.0,1.0,True
f32_reprice_c__side_absnet__den_all_orders__win_0930_0935,1017106,1014445,0.9973837535124166,0.0067790762436603265,0.01029215795919235,0.013998888821353937,0.0,0.30290522150274113,0.0,1.0,True
f32_reprice_c__side_buy__den_all_orders__win_0930_0935,1017106,1014445,0.9973837535124166,0.012735042313777483,0.012938757246959325,0.017098107197482646,0.0,0.3127316294131568,0.0,1.0,True
f32_reprice_c__side_net__den_all_orders__win_0930_0935,1017106,1014445,0.9973837535124166,0.0067790762436603265,0.00032113563687951176,0.017372227133914658,-0.2218407339074776,0.30290522150274113,-0.2218407339074776,0.30290522150274113,False
f32_reprice_c__side_sell__den_all_orders__win_0930_0935,1017106,1014445,0.9973837535124166,0.012566477236321339,0.012617621610079816,0.016716094912533095,0.0,0.28758771537825956,0.0,1.0,True
f32_reprice_c__side_total__den_all_orders__win_0930_0935,1017106,1014445,0.9973837535124166,0.0067790762436603265,0.025556378857039146,0.029012961278203298,0.0,0.37323226343908583,0.0,1.0,True
f33_bbofollow_c__side_absnet__den_all_orders__win_0930_0935,1017106,1014445,0.9973837535124166,0.006757389508549009,0.005717093822461318,0.008094494540431185,0.0,0.25136250703163654,0.0,1.0,True
f33_bbofollow_c__side_buy__den_all_orders__win_0930_0935,1017106,1014445,0.9973837535124166,0.012690683082867972,0.005182590295810612,0.006886014228081807,0.0,0.22196175412951588,0.0,1.0,True
f33_bbofollow_c__side_net__den_all_orders__win_0930_0935,1017106,1014445,0.9973837535124166,0.006757389508549009,-0.00030868979463018865,0.009905085272252166,-0.25136250703163654,0.2171273168975138,-0.25136250703163654,0.2171273168975138,False
f33_bbofollow_c__side_sell__den_all_orders__win_0930_0935,1017106,1014445,0.9973837535124166,0.012496488227552997,0.005491280090440801,0.007146755081494593,0.0,0.2543716499643685,0.0,1.0,True
f33_bbofollow_c__side_total__den_all_orders__win_0930_0935,1017106,1014445,0.9973837535124166,0.006757389508549009,0.010673870386251408,0.009943635453788563,0.0,0.2573807928971005,0.0,1.0,True
f34_queueopt_c__side_absnet__den_all_orders__win_0930_0935,1017106,1014445,0.9973837535124166,0.0073941909122722275,0.016801383918294804,0.015315435599262309,0.0,0.19637285484245554,0.0,1.0,True
f34_queueopt_c__side_buy__den_all_orders__win_0930_0935,1017106,1014445,0.9973837535124166,0.013921898180778653,0.02190997491166891,0.016646038535108154,0.0,0.20808373903897995,0.0,1.0,True
f34_queueopt_c__side_net__den_all_orders__win_0930_0935,1017106,1014445,0.9973837535124166,0.0073941909122722275,0.0002113213138229446,0.022733332630026127,-0.19629292525547454,0.19637285484245554,-0.19629292525547454,0.19637285484245554,False
f34_queueopt_c__side_sell__den_all_orders__win_0930_0935,1017106,1014445,0.9973837535124166,0.013627155735402116,0.02169865359784597,0.016701842951259673,0.0,0.19964498287050852,0.0,1.0,True
f34_queueopt_c__side_total__den_all_orders__win_0930_0935,1017106,1014445,0.9973837535124166,0.007393205151585349,0.04360862850951489,0.024398358577869213,0.0,0.23135868102137147,0.0,1.0,True
f35_costsave_c__side_absnet__den_all_orders__win_0930_0935,1017106,1014445,0.9973837535124166,0.14256761086111125,0.00017570921987922395,0.0002926269852860724,0.0,0.019784207133183233,0.0,1.0,True
f35_costsave_c__side_buy__den_all_orders__win_0930_0935,1017106,1014445,0.9973837535124166,0.23806416316310888,0.00019091238635736248,0.00029378161047779127,0.0,0.019784207133183233,0.0,1.0,True
f35_costsave_c__side_net__den_all_orders__win_0930_0935,1017106,1014445,0.9973837535124166,0.14256761086111125,2.8244649865099402e-05,0.000340156614256108,-0.012918391750511378,0.019784207133183233,-0.012918391750511378,0.019784207133183233,False
f35_costsave_c__side_sell__den_all_orders__win_0930_0935,1017106,1014445,0.9973837535124166,0.27244749592141515,0.00016266773649226314,0.00027314305604282684,0.0,0.012918391750511378,0.0,1.0,True
f35_costsave_c__side_total__den_all_orders__win_0930_0935,1017106,1014445,0.9973837535124166,0.14256761086111125,0.00035358012284962575,0.00045400771493059463,0.0,0.019784207133183233,0.0,1.0,True
f36_escalate_c__side_absnet__den_all_orders__win_0930_0935,1017106,1014445,0.9973837535124166,0.007117192159259497,0.021112901632329956,0.024016054877720034,0.0,0.34085824790351893,0.0,1.0,True
f36_escalate_c__side_buy__den_all_orders__win_0930_0935,1017106,1014445,0.9973837535124166,0.013571953136936946,0.024353498319558804,0.026420775719914597,0.0,0.34027031503165484,0.0,1.0,True
f36_escalate_c__side_net__den_all_orders__win_0930_0935,1017106,1014445,0.9973837535124166,0.007117192159259497,0.0004191904304168665,0.03197420501918927,-0.34085824790351893,0.32621414360914947,-0.34085824790351893,0.32621414360914947,False
f36_escalate_c__side_sell__den_all_orders__win_0930_0935,1017106,1014445,0.9973837535124166,0.013241723306832801,0.0239343078891419,0.02643602857387073,0.0,0.34531969583100297,0.0,1.0,True
f36_escalate_c__side_total__den_all_orders__win_0930_0935,1017106,1014445,0.9973837535124166,0.007117192159259497,0.048287806208700726,0.042089098424555556,0.0,0.41981861734220816,0.0,1.0,True
f37_complete_c__side_absnet__den_all_orders__win_0930_0935,1017106,1014445,0.9973837535124166,0.006829350038691107,0.0157787393739516,0.012862384944449329,0.0,0.16553739107815135,0.0,1.0,True
f37_complete_c__side_buy__den_all_orders__win_0930_0935,1017106,1014445,0.9973837535124166,0.01260097886036207,0.026706889857573874,0.015099841413003908,0.0,0.16395407437725554,0.0,1.0,True
f37_complete_c__side_net__den_all_orders__win_0930_0935,1017106,1014445,0.9973837535124166,0.006829350038691107,0.00025424959322979467,0.020355464127222198,-0.16553739107815135,0.1542523072197371,-0.16553739107815135,0.1542523072197371,False
f37_complete_c__side_sell__den_all_orders__win_0930_0935,1017106,1014445,0.9973837535124166,0.012413684329855242,0.02645264026434405,0.015085205662545391,0.0,0.16936984003847705,0.0,1.0,True
f37_complete_c__side_total__den_all_orders__win_0930_0935,1017106,1014445,0.9973837535124166,0.006828364278004229,0.053159530121917924,0.02228883938933763,0.0,0.18114780997521512,0.0,1.0,True
f38_adaptive_c__side_absnet__den_all_orders__win_0930_0935,1017106,1014445,0.9973837535124166,0.010651144221717293,0.005794456250005194,0.008617912223423948,0.0,0.23493358394175273,0.0,1.0,True
f38_adaptive_c__side_buy__den_all_orders__win_0930_0935,1017106,1014445,0.9973837535124166,0.021328903981980295,0.007302673349652729,0.011104458809196813,0.0,0.23973315733982783,0.0,1.0,True
f38_adaptive_c__side_net__den_all_orders__win_0930_0935,1017106,1014445,0.9973837535124166,0.010651144221717293,0.00034873065566556557,0.010378946056978195,-0.18993133966623427,0.23493358394175273,-0.18993133966623427,0.23493358394175273,False
f38_adaptive_c__side_sell__den_all_orders__win_0930_0935,1017106,1014445,0.9973837535124166,0.02022978081611127,0.006953942693987162,0.010514708716242526,0.0,0.26047274510325974,0.0,1.0,True
f38_adaptive_c__side_total__den_all_orders__win_0930_0935,1017106,1014445,0.9973837535124166,0.010651144221717293,0.014256616043639887,0.018974026678896798,0.0,0.3333394893796731,0.0,1.0,True
f40_iceberg_c__side_absnet__den_all_orders__win_0930_0935,1017106,1014445,0.9973837535124166,0.0011089807727378024,0.009185900613548322,0.00961064925650265,0.0,0.27280844672747506,0.0,1.0,True
f40_iceberg_c__side_buy__den_all_orders__win_0930_0935,1017106,1014445,0.9973837535124166,0.002942495650330969,0.01774139267414158,0.011582878122487459,0.0,0.2118798527322465,0.0,1.0,True
f40_iceberg_c__side_net__den_all_orders__win_0930_0935,1017106,1014445,0.9973837535124166,0.0011089807727378024,0.002065548706560606,0.013133120640362981,-0.27280844672747506,0.17969808824867428,-0.27280844672747506,0.17969808824867428,False
f40_iceberg_c__side_sell__den_all_orders__win_0930_0935,1017106,1014445,0.9973837535124166,0.002473273563377019,0.015675843967580975,0.011319570729859101,0.0,0.277826178074157,0.0,1.0,True
f40_iceberg_c__side_total__den_all_orders__win_0930_0935,1017106,1014445,0.9973837535124166,0.0011089807727378024,0.03341723664172258,0.018764664571023743,0.0,0.2828439094208389,0.0,1.0,True
f41_reactive_c__side_absnet__den_all_orders__win_0930_0935,1017106,1014445,0.9973837535124166,0.026480489331604965,0.0026655419401453236,0.004597703114281619,0.0,0.18109448125330616,0.0,1.0,True
f41_reactive_c__side_buy__den_all_orders__win_0930_0935,1017106,1014445,0.9973837535124166,0.06756699476068195,0.0026375242912622097,0.0048453979110241125,0.0,0.18698360813325643,0.0,1.0,True
f41_reactive_c__side_net__den_all_orders__win_0930_0935,1017106,1014445,0.9973837535124166,0.026480489331604965,0.00017861040779314582,0.005311505067678704,-0.1448985551367515,0.18109448125330616,-0.1448985551367515,0.18109448125330616,False
f41_reactive_c__side_sell__den_all_orders__win_0930_0935,1017106,1014445,0.9973837535124166,0.05975484131717343,0.002458913883469064,0.004653653543474707,0.0,0.14957008899936572,0.0,1.0,True
f41_reactive_c__side_total__den_all_orders__win_0930_0935,1017106,1014445,0.9973837535124166,0.026480489331604965,0.005096438174731278,0.007877604861487184,0.0,0.19325664373664267,0.0,1.0,True
f42_bq_opp_c__side_absnet__den_all_orders__win_0930_0935,1017106,1014445,0.9973837535124166,0.011260344326207927,0.013034088274606809,0.018727143939991833,0.0,0.3259340545187544,0.0,1.0,True
f42_bq_opp_c__side_buy__den_all_orders__win_0930_0935,1017106,1014445,0.9973837535124166,0.021984434838754195,0.018470253541927308,0.02581400820473449,0.0,0.3545700930173313,0.0,1.0,True
f42_bq_opp_c__side_net__den_all_orders__win_0930_0935,1017106,1014445,0.9973837535124166,0.011260344326207927,-0.000502530386512312,0.022810980700312893,-0.3259340545187544,0.3081968320973291,-0.3259340545187544,0.3081968320973291,False
f42_bq_opp_c__side_sell__den_all_orders__win_0930_0935,1017106,1014445,0.9973837535124166,0.020162749089403565,0.018972783928439596,0.024830418533394644,0.0,0.409238441551568,0.0,1.0,True
f42_bq_opp_c__side_total__den_all_orders__win_0930_0935,1017106,1014445,0.9973837535124166,0.011260344326207927,0.03744303747036695,0.045227033594579746,0.0,0.5438880148654764,0.0,1.0,True
f42_bq_own_c__side_absnet__den_all_orders__win_0930_0935,1017106,1014445,0.9973837535124166,0.010155306596217635,0.011350494611152773,0.01590419909058548,0.0,0.29194842488607875,0.0,1.0,True
f42_bq_own_c__side_buy__den_all_orders__win_0930_0935,1017106,1014445,0.9973837535124166,0.020768991911833564,0.016083538966792224,0.022387395026226404,0.0,0.33677185526945946,0.0,1.0,True
f42_bq_own_c__side_net__den_all_orders__win_0930_0935,1017106,1014445,0.9973837535124166,0.010155306596217635,-0.0012088147271546287,0.01950169335176313,-0.27217924412484706,0.29194842488607875,-0.27217924412484706,0.29194842488607875,False
f42_bq_own_c__side_sell__den_all_orders__win_0930_0935,1017106,1014445,0.9973837535124166,0.0190251812567463,0.017292353693946848,0.022092517104111736,0.0,0.3738524363587317,0.0,1.0,True
f42_bq_own_c__side_total__den_all_orders__win_0930_0935,1017106,1014445,0.9973837535124166,0.010155306596217635,0.03337589266073905,0.03997791255837845,0.0,0.500156093090903,0.0,1.0,True
f43_qdformal_c__side_absnet__den_all_orders__win_0930_0935,1017106,1014445,0.9973837535124166,0.012507331595108655,0.003053941498693347,0.00371723813867076,0.0,0.07604295194401461,0.0,1.0,True
f43_qdformal_c__side_buy__den_all_orders__win_0930_0935,1017106,1014445,0.9973837535124166,0.025612034166465406,0.0037356449388932073,0.004893714598675536,0.0,0.07124277441498286,0.0,1.0,True
f43_qdformal_c__side_net__den_all_orders__win_0930_0935,1017106,1014445,0.9973837535124166,0.012507331595108655,0.00022069071527467754,0.004805800002624056,-0.07604295194401461,0.0706279203094995,-0.07604295194401461,0.0706279203094995,False
f43_qdformal_c__side_sell__den_all_orders__win_0930_0935,1017106,1014445,0.9973837535124166,0.023613897254163605,0.003514954223618526,0.004360467838188872,0.0,0.0865498035342938,0.0,1.0,True
f43_qdformal_c__side_total__den_all_orders__win_0930_0935,1017106,1014445,0.9973837535124166,0.012507331595108655,0.007250599162511738,0.00792644504283716,0.0,0.09705665512457298,0.0,1.0,True
f43_qdilute_c__side_absnet__den_all_orders__win_0930_0935,1017106,1014445,0.9973837535124166,0.008042821444237982,0.012874245233541304,0.013017709947042362,0.0,0.1817895159682372,0.0,1.0,True
f43_qdilute_c__side_buy__den_all_orders__win_0930_0935,1017106,1014445,0.9973837535124166,0.018542158520176058,0.014826536604676682,0.01462350357358641,0.0,0.18497594638263412,0.0,1.0,True
f43_qdilute_c__side_net__den_all_orders__win_0930_0935,1017106,1014445,0.9973837535124166,0.008042821444237982,-0.00035177324838051136,0.01830527842400684,-0.1817895159682372,0.17349660135413061,-0.1817895159682372,0.17349660135413061,False
f43_qdilute_c__side_sell__den_all_orders__win_0930_0935,1017106,1014445,0.9973837535124166,0.018060121544292693,0.015178309853057187,0.01484306078760286,0.0,0.20639799169960943,0.0,1.0,True
f43_qdilute_c__side_total__den_all_orders__win_0930_0935,1017106,1014445,0.9973837535124166,0.008042821444237982,0.030004846457733873,0.02309206362458592,0.0,0.2935064482037506,0.0,1.0,True
f44_deplete_c__side_absnet__den_all_orders__win_0930_0935,1017106,1014445,0.9973837535124166,0.009756073518032028,0.010363127551925363,0.014670604381751643,0.0,0.2549033259200293,0.0,1.0,True
f44_deplete_c__side_buy__den_all_orders__win_0930_0935,1017106,1014445,0.9973837535124166,0.020958257963714148,0.014323786324406135,0.02016000505613522,0.0,0.307715536924755,0.0,1.0,True
f44_deplete_c__side_net__den_all_orders__win_0930_0935,1017106,1014445,0.9973837535124166,0.009756073518032028,-0.0005323389219194029,0.017953764531583753,-0.24743197936211578,0.2549033259200293,-0.24743197936211578,0.2549033259200293,False
f44_deplete_c__side_sell__den_all_orders__win_0930_0935,1017106,1014445,0.9973837535124166,0.019202618180384348,0.01485612524632554,0.01955965151548648,0.0,0.3305872461040542,0.0,1.0,True
f44_deplete_c__side_total__den_all_orders__win_0930_0935,1017106,1014445,0.9973837535124166,0.009756073518032028,0.029179911570731666,0.035435489014345296,0.0,0.44162893882930276,0.0,1.0,True
f45_spread_nar_c__side_absnet__den_all_orders__win_0930_0935,1017106,1014445,0.9973837535124166,0.010560454238524513,0.011690117302779543,0.0171638676385623,0.0,0.31143841335481925,0.0,1.0,True
f45_spread_nar_c__side_buy__den_all_orders__win_0930_0935,1017106,1014445,0.9973837535124166,0.01980688948144059,0.015672939241575992,0.022740675402569698,0.0,0.3457259214012945,0.0,1.0,True
f45_spread_nar_c__side_net__den_all_orders__win_0930_0935,1017106,1014445,0.9973837535124166,0.010560454238524513,0.0008096619469173299,0.020750943168891044,-0.31143841335481925,0.3002387435026845,-0.31143841335481925,0.3002387435026845,False
f45_spread_nar_c__side_sell__den_all_orders__win_0930_0935,1017106,1014445,0.9973837535124166,0.018769869238844886,0.014863277294658656,0.02131153732902719,0.0,0.39107582909234706,0.0,1.0,True
f45_spread_nar_c__side_total__den_all_orders__win_0930_0935,1017106,1014445,0.9973837535124166,0.010560454238524513,0.030536216536234635,0.038884935897910027,0.0,0.5203744470486894,0.0,1.0,True
f45_spread_wid_c__side_absnet__den_all_orders__win_0930_0935,1017106,1014445,0.9973837535124166,0.017686518243965912,0.0059120374001617425,0.008944500646345723,0.0,0.2505516753080078,0.0,1.0,True
f45_spread_wid_c__side_buy__den_all_orders__win_0930_0935,1017106,1014445,0.9973837535124166,0.047005012593092775,0.007404943290867439,0.012390164228296923,0.0,0.22785650750078731,0.0,1.0,True
f45_spread_wid_c__side_net__den_all_orders__win_0930_0935,1017106,1014445,0.9973837535124166,0.017686518243965912,-0.002829294169237963,0.010341729668547054,-0.2505516753080078,0.18542702151606455,-0.2505516753080078,0.18542702151606455,False
f45_spread_wid_c__side_sell__den_all_orders__win_0930_0935,1017106,1014445,0.9973837535124166,0.03978135827965045,0.010234237460105405,0.014404133651828308,0.0,0.3180289726717277,0.0,1.0,True
f45_spread_wid_c__side_total__den_all_orders__win_0930_0935,1017106,1014445,0.9973837535124166,0.017686518243965912,0.017639180750972837,0.02479998183851142,0.0,0.4076724922857852,0.0,1.0,True
f46_imbflip_c__side_absnet__den_all_orders__win_0930_0935,1017106,1014445,0.9973837535124166,0.046812789259151555,0.0012424830198575884,0.0025230787156732153,0.0,0.10898818250809973,0.0,1.0,True
f46_imbflip_c__side_buy__den_all_orders__win_0930_0935,1017106,1014445,0.9973837535124166,0.09059732168821376,0.0017918081792575333,0.0037406756836909443,0.0,0.123466425021023,0.0,1.0,True
f46_imbflip_c__side_net__den_all_orders__win_0930_0935,1017106,1014445,0.9973837535124166,0.046812789259151555,9.364574981210588e-05,0.002810857650906528,-0.08434794201577708,0.10898818250809973,-0.08434794201577708,0.10898818250809973,False
f46_imbflip_c__side_sell__den_all_orders__win_0930_0935,1017106,1014445,0.9973837535124166,0.08523182626953654,0.0016981624294454278,0.0034450078848099323,0.0,0.13092932593819806,0.0,1.0,True
f46_imbflip_c__side_total__den_all_orders__win_0930_0935,1017106,1014445,0.9973837535124166,0.046812789259151555,0.0034899706087029602,0.006619708986070226,0.0,0.17751070986061904,0.0,1.0,True
f47_voljump_c__side_absnet__den_all_orders__win_0930_0935,1017106,1014445,0.9973837535124166,0.017709190739764107,0.004417466357330036,0.007378685915213215,0.0,0.23933582404175618,0.0,1.0,True
f47_voljump_c__side_buy__den_all_orders__win_0930_0935,1017106,1014445,0.9973837535124166,0.04923776054887155,0.0054797900241947885,0.01001557705996009,0.0,0.2141877854796075,0.0,1.0,True
f47_voljump_c__side_net__den_all_orders__win_0930_0935,1017106,1014445,0.9973837535124166,0.017709190739764107,-0.0018609038566553718,0.008396192690130077,-0.23933582404175618,0.17566039012645965,-0.23933582404175618,0.17566039012645965,False
f47_voljump_c__side_sell__den_all_orders__win_0930_0935,1017106,1014445,0.9973837535124166,0.04198946221825727,0.007340693880850163,0.011559535696034464,0.0,0.30046283376135186,0.0,1.0,True
f47_voljump_c__side_total__den_all_orders__win_0930_0935,1017106,1014445,0.9973837535124166,0.017709190739764107,0.012820483905044948,0.019934223010039647,0.0,0.38357182572959725,0.0,1.0,True
f51_revcycle_c__side_absnet__den_all_orders__win_0930_0935,1017106,1014445,0.9973837535124166,0.008195614350704079,0.014325949724293914,0.01376939776379467,0.0,0.17225599568691652,0.0,1.0,True
f51_revcycle_c__side_buy__den_all_orders__win_0930_0935,1017106,1014445,0.9973837535124166,0.016386299897973768,0.02127738850478536,0.01734208629441795,0.0,0.17957978090934462,0.0,1.0,True
f51_revcycle_c__side_net__den_all_orders__win_0930_0935,1017106,1014445,0.9973837535124166,0.008195614350704079,0.000806083108830472,0.019853951251633736,-0.17225599568691652,0.16611612775343973,-0.17225599568691652,0.16611612775343973,False
f51_revcycle_c__side_sell__den_all_orders__win_0930_0935,1017106,1014445,0.9973837535124166,0.01477162389286753,0.020471305395954886,0.016531122317046305,0.0,0.18718843714045583,0.0,1.0,True
f51_revcycle_c__side_total__den_all_orders__win_0930_0935,1017106,1014445,0.9973837535124166,0.008195614350704079,0.0417486939007402,0.027456739498821166,0.0,0.22647726976263233,0.0,1.0,True
f52_costcycle_c__side_absnet__den_all_orders__win_0930_0935,1017106,1014445,0.9973837535124166,0.24605276776956858,0.0005816224443491644,0.0007121121196690214,0.0,0.02699479640382428,0.0,1.0,True
f52_costcycle_c__side_buy__den_all_orders__win_0930_0935,1017106,1014445,0.9973837535124166,0.35954931021395936,0.0005805257605518641,0.0007227735736748367,0.0,0.027522037692057206,0.0,1.0,True
f52_costcycle_c__side_net__den_all_orders__win_0930_0935,1017106,1014445,0.9973837535124166,0.24605276776956858,0.00011696868985025102,0.0009119795306611434,-0.018323287360661498,0.02699479640382428,-0.018323287360661498,0.02699479640382428,False
f52_costcycle_c__side_sell__den_all_orders__win_0930_0935,1017106,1014445,0.9973837535124166,0.4162364642735683,0.0004635570707016125,0.0006545929318495037,0.0,0.018323287360661498,0.0,1.0,True
f52_costcycle_c__side_total__den_all_orders__win_0930_0935,1017106,1014445,0.9973837535124166,0.24605276776956858,0.0010440828312534762,0.0010344469179784563,0.0,0.02804927898029013,0.0,1.0,True
f54_algo_union_strength__den_all_orders__win_0930_0935,1017106,1014445,0.9973837535124166,9.857606868780467e-07,0.32139030580406536,0.10106982925174283,0.0,0.878168803983274,0.0,1.0,True
f55_algo_family_breadth__den_all_orders__win_0930_0935,1017106,1014445,0.9973837535124166,9.857606868780467e-07,0.14791654371156027,0.06122551651279038,0.0,0.5536232895550117,0.0,1.0,True
f56_algo_second_strongest_family__den_all_orders__win_0930_0935,1017106,1014445,0.9973837535124166,0.001370207354760485,0.15302981310766284,0.07472572240531279,0.0,0.826993391375411,0.0,1.0,True
f57_algo_third_strongest_family__den_all_orders__win_0930_0935,1017106,1014445,0.9973837535124166,0.003167249086939164,0.09141313515244757,0.05280681542576576,0.0,0.4873962155702086,0.0,1.0,True
f58_algo_spread_wide__side_absnet__den_all_orders__win_0930_0935,1017106,1014445,0.9973837535124166,0.012562534193573826,0.03062887162196573,0.038284488567434126,0.0,0.5336362962768031,0.0,1.0,True
f58_algo_spread_wide__side_buy__den_all_orders__win_0930_0935,1017106,1014445,0.9973837535124166,0.017633287166874498,0.0648940767006935,0.06497004910531949,0.0,0.5833701700829845,0.0,1.0,True
f58_algo_spread_wide__side_net__den_all_orders__win_0930_0935,1017106,1014445,0.9973837535124166,0.012562534193573826,0.004738974048383587,0.048799302932250974,-0.5336362962768031,0.4908886063708622,-0.5336362962768031,0.4908886063708622,False
f58_algo_spread_wide__side_sell__den_all_orders__win_0930_0935,1017106,1014445,0.9973837535124166,0.01814193968130357,0.060155102652309944,0.06301769978923275,0.0,0.5790531593540224,0.0,1.0,True
f58_algo_spread_wide__side_total__den_all_orders__win_0930_0935,1017106,1014445,0.9973837535124166,0.012390026073370168,0.1250491793530035,0.11833555496245995,0.0,0.7668775187859407,0.0,1.0,True
f59_algo_queue_crowded__side_absnet__den_all_orders__win_0930_0935,1017106,1014445,0.9973837535124166,4.928803434390233e-06,0.05855905838807552,0.048553559874336044,0.0,0.5548934183835041,0.0,1.0,True
f59_algo_queue_crowded__side_buy__den_all_orders__win_0930_0935,1017106,1014445,0.9973837535124166,0.001162211849829217,0.09844534638734864,0.04868108633903408,0.0,0.570283523626767,0.0,1.0,True
f59_algo_queue_crowded__side_net__den_all_orders__win_0930_0935,1017106,1014445,0.9973837535124166,4.928803434390233e-06,0.005248689031134198,0.0758884889770723,-0.5548934183835041,0.5208585806589455,-0.5548934183835041,0.5208585806589455,False
f59_algo_queue_crowded__side_sell__den_all_orders__win_0930_0935,1017106,1014445,0.9973837535124166,0.0018118281424818496,0.09319665735621438,0.046856223875917195,0.0,0.5820118176090301,0.0,1.0,True
f59_algo_queue_crowded__side_total__den_all_orders__win_0930_0935,1017106,1014445,0.9973837535124166,4.928803434390233e-06,0.19164200374356286,0.05806586783037013,0.0,0.6197084665945886,0.0,1.0,True
f60_algo_opponent_thin__side_absnet__den_all_orders__win_0930_0935,1017106,1014445,0.9973837535124166,9.857606868780467e-07,0.00466408986354064,0.010361896465010489,0.0,0.8768287001542049,0.0,1.0,True
f60_algo_opponent_thin__side_buy__den_all_orders__win_0930_0935,1017106,1014445,0.9973837535124166,0.00010843367555658513,0.008685919658288773,0.01126443504993795,0.0,0.7881830058037743,0.0,1.0,True
f60_algo_opponent_thin__side_net__den_all_orders__win_0930_0935,1017106,1014445,0.9973837535124166,9.857606868780467e-07,0.0012272374798208956,0.0112967482389802,-0.8768287001542049,0.7881827730775703,-0.8768287001542049,0.7881827730775703,False
f60_algo_opponent_thin__side_sell__den_all_orders__win_0930_0935,1017106,1014445,0.9973837535124166,0.00013899225684980458,0.0074586821784678745,0.007624457892038886,0.0,0.8768288991288553,0.0,1.0,True
f60_algo_opponent_thin__side_total__den_all_orders__win_0930_0935,1017106,1014445,0.9973837535124166,9.857606868780467e-07,0.016144601836756655,0.015569945070827523,0.0,0.8768290981035057,0.0,1.0,True
f61_algo_book_align__side_absnet__den_all_orders__win_0930_0935,1017106,1014445,0.9973837535124166,1.182912824253656e-05,0.032015002995192395,0.02826375141004179,0.0,0.8768288991288554,0.0,1.0,True
f61_algo_book_align__side_buy__den_all_orders__win_0930_0935,1017106,1014445,0.9973837535124166,0.014556728063128114,0.03981576361629904,0.030360407418991552,0.0,0.7881911888454298,0.0,1.0,True
f61_algo_book_align__side_net__den_all_orders__win_0930_0935,1017106,1014445,0.9973837535124166,1.182912824253656e-05,0.010044971871832316,0.04150781373000648,-0.8768288991288554,0.7881911888454298,-0.8768288991288554,0.7881911888454298,False
f61_algo_book_align__side_sell__den_all_orders__win_0930_0935,1017106,1014445,0.9973837535124166,0.024875670933367507,0.029770791744466715,0.025812414405560116,0.0,0.8768288991288554,0.0,1.0,True
f61_algo_book_align__side_total__den_all_orders__win_0930_0935,1017106,1014445,0.9973837535124166,1.182912824253656e-05,0.06958655536076577,0.03812048729408022,0.0,0.8768288991288554,0.0,1.0,True
f62_algo_book_oppose__side_absnet__den_all_orders__win_0930_0935,1017106,1014445,0.9973837535124166,0.0002217961545475605,0.028004381560533267,0.024715138839246413,0.0,0.3341742711089368,0.0,1.0,True
f62_algo_book_oppose__side_buy__den_all_orders__win_0930_0935,1017106,1014445,0.9973837535124166,0.02800743263557906,0.021616636773514844,0.020914430297207832,0.0,0.32797533255049965,0.0,1.0,True
f62_algo_book_oppose__side_net__den_all_orders__win_0930_0935,1017106,1014445,0.9973837535124166,0.0002217961545475605,-0.006057712072804372,0.03685631016358206,-0.3341742711089368,0.32797533255049965,-0.3341742711089368,0.32797533255049965,False
f62_algo_book_oppose__side_sell__den_all_orders__win_0930_0935,1017106,1014445,0.9973837535124166,0.017118720088324157,0.02767434884631921,0.023788007636355024,0.0,0.3341742711089368,0.0,1.0,True
f62_algo_book_oppose__side_total__den_all_orders__win_0930_0935,1017106,1014445,0.9973837535124166,0.0002217961545475605,0.04929098561983405,0.02545933630427037,0.0,0.3341742711089368,0.0,1.0,True
f63_algo_passive_neartouch__side_absnet__den_all_orders__win_0930_0935,1017106,1014445,0.9973837535124166,0.0028182898037843354,0.03991238522934566,0.03566699038608203,0.0,0.5441467204413946,0.0,1.0,True
f63_algo_passive_neartouch__side_buy__den_all_orders__win_0930_0935,1017106,1014445,0.9973837535124166,0.0030361429155843834,0.06584255337987646,0.04109927896937899,0.0,0.556061893770921,0.0,1.0,True
f63_algo_passive_neartouch__side_net__den_all_orders__win_0930_0935,1017106,1014445,0.9973837535124166,0.0028182898037843354,0.00235686268234915,0.05347502123602297,-0.5441467204413946,0.4900836321515088,-0.5441467204413946,0.4900836321515088,False
f63_algo_passive_neartouch__side_sell__den_all_orders__win_0930_0935,1017106,1014445,0.9973837535124166,0.003024313787341847,0.06348569069752732,0.039960917994215084,0.0,0.5813826149822334,0.0,1.0,True
f63_algo_passive_neartouch__side_total__den_all_orders__win_0930_0935,1017106,1014445,0.9973837535124166,0.002806460675541799,0.12932824407740376,0.060930070583360814,0.0,0.6229333077458326,0.0,1.0,True
f64_algo_stale_quote_250ms__side_absnet__den_all_orders__win_0930_0935,1017106,1014445,0.9973837535124166,1.9715213737560934e-06,0.03370731565525309,0.030295306711413887,0.0,0.875714901450361,0.0,1.0,True
f64_algo_stale_quote_250ms__side_buy__den_all_orders__win_0930_0935,1017106,1014445,0.9973837535124166,0.0011079950120509244,0.06185914820648019,0.029777491359653057,0.0,0.7846452009604035,0.0,1.0,True
f64_algo_stale_quote_250ms__side_net__den_all_orders__win_0930_0935,1017106,1014445,0.9973837535124166,1.9715213737560934e-06,-0.002577956083006077,0.045247573192996784,-0.875714901450361,0.7846452009604035,-0.875714901450361,0.7846452009604035,False
f64_algo_stale_quote_250ms__side_sell__den_all_orders__win_0930_0935,1017106,1014445,0.9973837535124166,0.0017654973901985815,0.06443710428948632,0.03194994029236497,0.0,0.875714901450361,0.0,1.0,True
f64_algo_stale_quote_250ms__side_total__den_all_orders__win_0930_0935,1017106,1014445,0.9973837535124166,9.857606868780467e-07,0.1262962524959666,0.0420434593351235,0.0,0.875714901450361,0.0,1.0,True
f65_algo_stale_quote_1000ms__side_absnet__den_all_orders__win_0930_0935,1017106,1014445,0.9973837535124166,1.9715213737560934e-06,0.020611968329564665,0.020599135631578655,0.0,0.8743554546317862,0.0,1.0,True
f65_algo_stale_quote_1000ms__side_buy__den_all_orders__win_0930_0935,1017106,1014445,0.9973837535124166,0.0011079950120509244,0.03816872577272543,0.021764256265368678,0.0,0.7800551438553637,0.0,1.0,True
f65_algo_stale_quote_1000ms__side_net__den_all_orders__win_0930_0935,1017106,1014445,0.9973837535124166,1.9715213737560934e-06,-0.0018748731721313608,0.029080276439118872,-0.8743554546317862,0.7800551438553637,-0.8743554546317862,0.7800551438553637,False
f65_algo_stale_quote_1000ms__side_sell__den_all_orders__win_0930_0935,1017106,1014445,0.9973837535124166,0.0017654973901985815,0.04004359894485679,0.023200154997160754,0.0,0.8743554546317862,0.0,1.0,True
f65_algo_stale_quote_1000ms__side_total__den_all_orders__win_0930_0935,1017106,1014445,0.9973837535124166,9.857606868780467e-07,0.07821232471758222,0.034324883212886244,0.0,0.8743554546317862,0.0,1.0,True
f66_algo_ofi8_align__side_absnet__den_all_orders__win_0930_0935,1017106,1014445,0.9973837535124166,0.00274534351295536,0.003063844336935994,0.0038696893322664244,0.0,0.06490978824299479,0.0,1.0,True
f66_algo_ofi8_align__side_buy__den_all_orders__win_0930_0935,1017106,1014445,0.9973837535124166,0.002894193376673945,0.005845190849504946,0.0059074425788251715,0.0,0.07407917051822958,0.0,1.0,True
f66_algo_ofi8_align__side_net__den_all_orders__win_0930_0935,1017106,1014445,0.9973837535124166,0.00274534351295536,0.0006323227201222302,0.004895079736515897,-0.061000614931011235,0.06490978824299479,-0.061000614931011235,0.06490978824299479,False
f66_algo_ofi8_align__side_sell__den_all_orders__win_0930_0935,1017106,1014445,0.9973837535124166,0.0029484102144522375,0.005212868129382723,0.005440921484911168,0.0,0.07798517524088619,0.0,1.0,True
f66_algo_ofi8_align__side_total__den_all_orders__win_0930_0935,1017106,1014445,0.9973837535124166,0.00274534351295536,0.01105805897888766,0.010248961080388625,0.0,0.11626612589973458,0.0,1.0,True
f67_algo_ofi8_oppose__side_absnet__den_all_orders__win_0930_0935,1017106,1014445,0.9973837535124166,0.0027857597011173595,0.0006822629365761321,0.0008944894488212068,0.0,0.03176277249538444,0.0,1.0,True
f67_algo_ofi8_oppose__side_buy__den_all_orders__win_0930_0935,1017106,1014445,0.9973837535124166,0.00291686587247214,0.0018126079504987079,0.0017008280593571914,0.0,0.025485185778073086,0.0,1.0,True
f67_algo_ofi8_oppose__side_net__den_all_orders__win_0930_0935,1017106,1014445,0.9973837535124166,0.0027857597011173595,4.3279175406298356e-05,0.0011241534600107338,-0.03176277249538444,0.02136938696085947,-0.03176277249538444,0.02136938696085947,False
f67_algo_ofi8_oppose__side_sell__den_all_orders__win_0930_0935,1017106,1014445,0.9973837535124166,0.0029119370690377498,0.0017693287750924086,0.0016822735289703141,0.0,0.03496585549122251,0.0,1.0,True
f67_algo_ofi8_oppose__side_total__den_all_orders__win_0930_0935,1017106,1014445,0.9973837535124166,0.0027857597011173595,0.003581936725591119,0.003190924572265508,0.0,0.0397655169938687,0.0,1.0,True
f68_algo_ofi32_align__side_absnet__den_all_orders__win_0930_0935,1017106,1014445,0.9973837535124166,0.0027630872053191645,0.008287385652586902,0.009675396288676523,0.0,0.1601813580359639,0.0,1.0,True
f68_algo_ofi32_align__side_buy__den_all_orders__win_0930_0935,1017106,1014445,0.9973837535124166,0.003170206368999798,0.014186719507781716,0.013365051223261459,0.0,0.16249954869091982,0.0,1.0,True
f68_algo_ofi32_align__side_net__den_all_orders__win_0930_0935,1017106,1014445,0.9973837535124166,0.0027630872053191645,0.0011183493035583911,0.012690285620618203,-0.1601813580359639,0.15173553383515168,-0.1601813580359639,0.15173553383515168,False
f68_algo_ofi32_align__side_sell__den_all_orders__win_0930_0935,1017106,1014445,0.9973837535124166,0.0031761209331210663,0.013068370204223318,0.012616617318118358,0.0,0.18340457556196899,0.0,1.0,True
f68_algo_ofi32_align__side_total__den_all_orders__win_0930_0935,1017106,1014445,0.9973837535124166,0.0027630872053191645,0.02725508971200503,0.02268400106620579,0.0,0.22321684496995953,0.0,1.0,True
f69_algo_ofi32_oppose__side_absnet__den_all_orders__win_0930_0935,1017106,1014445,0.9973837535124166,0.002814346761036823,0.002030982727471788,0.0025575259202599565,0.0,0.07522519086875357,0.0,1.0,True
f69_algo_ofi32_oppose__side_buy__den_all_orders__win_0930_0935,1017106,1014445,0.9973837535124166,0.0030755733430595056,0.004981788399972247,0.004367534191166688,0.0,0.08215195412933983,0.0,1.0,True
f69_algo_ofi32_oppose__side_net__den_all_orders__win_0930_0935,1017106,1014445,0.9973837535124166,0.002814346761036823,0.00035370207974807935,0.003246648196351456,-0.06748068261199126,0.07522519086875357,-0.06748068261199126,0.07522519086875357,False
f69_algo_ofi32_oppose__side_sell__den_all_orders__win_0930_0935,1017106,1014445,0.9973837535124166,0.0030972600781708224,0.004628086320224168,0.004259300946634322,0.0,0.07140851167555969,0.0,1.0,True
f69_algo_ofi32_oppose__side_total__den_all_orders__win_0930_0935,1017106,1014445,0.9973837535124166,0.002814346761036823,0.00960987472019642,0.007993326868028604,0.0,0.0890787173899261,0.0,1.0,True
f70_algo_tradeflow8_align__side_absnet__den_all_orders__win_0930_0935,1017106,1014445,0.9973837535124166,0.0002661553854570726,0.0351402301686059,0.029243820734018416,0.0,0.33047480705336313,0.0,1.0,True
f70_algo_tradeflow8_align__side_buy__den_all_orders__win_0930_0935,1017106,1014445,0.9973837535124166,0.0021440294939597516,0.062220998970532196,0.030706770673089745,0.0,0.32694551887110573,0.0,1.0,True
f70_algo_tradeflow8_align__side_net__den_all_orders__win_0930_0935,1017106,1014445,0.9973837535124166,0.0002661553854570726,0.0004540670036218997,0.045714665596307574,-0.33047480705336313,0.32694551887110573,-0.33047480705336313,0.32694551887110573,False
f70_algo_tradeflow8_align__side_sell__den_all_orders__win_0930_0935,1017106,1014445,0.9973837535124166,0.0014697691841351675,0.061766931966910334,0.031873881531299456,0.0,0.33047480705336313,0.0,1.0,True
f70_algo_tradeflow8_align__side_total__den_all_orders__win_0930_0935,1017106,1014445,0.9973837535124166,0.00026319810339643846,0.12398793093744255,0.042753590814104306,0.0,0.3785492611085433,0.0,1.0,True
f71_algo_tradeflow8_oppose__side_absnet__den_all_orders__win_0930_0935,1017106,1014445,0.9973837535124166,8.4775419071512e-05,0.017246004705625276,0.015163120363553132,0.0,0.24398405227091888,0.0,1.0,True
f71_algo_tradeflow8_oppose__side_buy__den_all_orders__win_0930_0935,1017106,1014445,0.9973837535124166,0.0013495063803360457,0.03619548827664622,0.017197811504319843,0.0,0.26252943627330855,0.0,1.0,True
f71_algo_tradeflow8_oppose__side_net__den_all_orders__win_0930_0935,1017106,1014445,0.9973837535124166,8.4775419071512e-05,-0.0004735538370969399,0.022959108088717636,-0.18286087344838636,0.24398405227091888,-0.18286087344838636,0.24398405227091888,False
f71_algo_tradeflow8_oppose__side_sell__den_all_orders__win_0930_0935,1017106,1014445,0.9973837535124166,0.0021223427588484343,0.03666904211374319,0.01685139117503026,0.0,0.20282011863962254,0.0,1.0,True
f71_algo_tradeflow8_oppose__side_total__den_all_orders__win_0930_0935,1017106,1014445,0.9973837535124166,6.998900876834132e-05,0.07286453039038948,0.025146521944686022,0.0,0.2810748202756982,0.0,1.0,True
f72_algo_aggressive__side_absnet__den_all_orders__win_0930_0935,1017106,1014445,0.9973837535124166,1.8729453050682886e-05,0.025940208732801062,0.02145207954403812,0.0,0.8542653556480873,0.0,1.0,True
f72_algo_aggressive__side_buy__den_all_orders__win_0930_0935,1017106,1014445,0.9973837535124166,0.0004564071980245356,0.052851701701852195,0.02115815084916539,0.0,0.7530269492517421,0.0,1.0,True
f72_algo_aggressive__side_net__den_all_orders__win_0930_0935,1017106,1014445,0.9973837535124166,1.8729453050682886e-05,9.963953975991379e-06,0.03366134350534227,-0.8542653556480873,0.7523563076365549,-0.8542653556480873,0.7523563076365549,False
f72_algo_aggressive__side_sell__den_all_orders__win_0930_0935,1017106,1014445,0.9973837535124166,0.0003460020010941944,0.052841737747876205,0.022400869783881908,0.0,0.8556052605025058,0.0,1.0,True
f72_algo_aggressive__side_total__den_all_orders__win_0930_0935,1017106,1014445,0.9973837535124166,1.8729453050682886e-05,0.10569343944972848,0.0276739332635653,0.0,0.8569451653569244,0.0,1.0,True
f73_algo_depth_consuming__side_absnet__den_all_orders__win_0930_0935,1017106,1014445,0.9973837535124166,0.000232639522103219,0.0007108233014636327,0.0008725764172844407,0.0,0.021091582930872464,0.0,1.0,True
f73_algo_depth_consuming__side_buy__den_all_orders__win_0930_0935,1017106,1014445,0.9973837535124166,0.0019202618180384349,0.0017831262925429342,0.001580461042489786,0.0,0.02240043807914562,0.0,1.0,True
f73_algo_depth_consuming__side_net__den_all_orders__win_0930_0935,1017106,1014445,0.9973837535124166,0.000232639522103219,6.577204351225701e-05,0.0011235361178871068,-0.021091582930872464,0.0207070861640185,-0.021091582930872464,0.0207070861640185,False
f73_algo_depth_consuming__side_sell__den_all_orders__win_0930_0935,1017106,1014445,0.9973837535124166,0.001356406705144192,0.001717354249030679,0.0015945480043801589,0.0,0.023638699978576004,0.0,1.0,True
f73_algo_depth_consuming__side_total__den_all_orders__win_0930_0935,1017106,1014445,0.9973837535124166,0.000232639522103219,0.0035004805415736143,0.0029696039267896415,0.0,0.031047416704169516,0.0,1.0,True
f74_algo_multilevel_sweep__side_absnet__den_all_orders__win_0930_0935,1017106,1014445,0.9973837535124166,0.02985967696622291,0.000810641651372566,0.0009717037086219706,0.0,0.030680383647917284,0.0,1.0,True
f74_algo_multilevel_sweep__side_buy__den_all_orders__win_0930_0935,1017106,1014445,0.9973837535124166,0.05543030918383944,0.001389876216893621,0.001303358714572211,0.0,0.030680383647917284,0.0,1.0,True
f74_algo_multilevel_sweep__side_net__den_all_orders__win_0930_0935,1017106,1014445,0.9973837535124166,0.02985967696622291,-3.3602189002328044e-05,0.0012649975799123034,-0.020552659697645553,0.030680383647917284,-0.020552659697645553,0.030680383647917284,False
f74_algo_multilevel_sweep__side_sell__den_all_orders__win_0930_0935,1017106,1014445,0.9973837535124166,0.05053995041623745,0.0014234784058959505,0.0013181216952847137,0.0,0.021167260846553973,0.0,1.0,True
f74_algo_multilevel_sweep__side_total__den_all_orders__win_0930_0935,1017106,1014445,0.9973837535124166,0.02985967696622291,0.0028133546227895696,0.002296118160652708,0.0,0.030680383647917284,0.0,1.0,True
f75_algo_instant_fill__side_absnet__den_all_orders__win_0930_0935,1017106,1014445,0.9973837535124166,0.00023362528279009706,0.019426636536544972,0.016018811043614863,0.0,0.3003402414821981,0.0,1.0,True
f75_algo_instant_fill__side_buy__den_all_orders__win_0930_0935,1017106,1014445,0.9973837535124166,0.0019104042111696543,0.04533406969900595,0.02003599927218012,0.0,0.23571530117913053,0.0,1.0,True
f75_algo_instant_fill__side_net__den_all_orders__win_0930_0935,1017106,1014445,0.9973837535124166,0.00023362528279009706,0.0012880124401411861,0.02514632256072651,-0.3003402414821981,0.23571530117913053,-0.3003402414821981,0.23571530117913053,False
f75_algo_instant_fill__side_sell__den_all_orders__win_0930_0935,1017106,1014445,0.9973837535124166,0.0013504921410229238,0.044046057258864756,0.01994457659076253,0.0,0.30928550106246644,0.0,1.0,True
f75_algo_instant_fill__side_total__den_all_orders__win_0930_0935,1017106,1014445,0.9973837535124166,0.00023165376141634096,0.08938012695787073,0.031082426966231074,0.0,0.31823076064273476,0.0,1.0,True
f76_algo_trend8_align__side_absnet__den_all_orders__win_0930_0935,1017106,1014445,0.9973837535124166,0.002766044487379799,0.013333227323155986,0.012484985111011624,0.0,0.15850664073094703,0.0,1.0,True
f76_algo_trend8_align__side_buy__den_all_orders__win_0930_0935,1017106,1014445,0.9973837535124166,0.0029355953255228227,0.028308651932688333,0.01747805582541759,0.0,0.1647675047561328,0.0,1.0,True
f76_algo_trend8_align__side_net__den_all_orders__win_0930_0935,1017106,1014445,0.9973837535124166,0.002766044487379799,0.0007727336493111652,0.01824973114268694,-0.13787967734423018,0.15850664073094703,-0.13787967734423018,0.15850664073094703,False
f76_algo_trend8_align__side_sell__den_all_orders__win_0930_0935,1017106,1014445,0.9973837535124166,0.002896164898047701,0.027535918283377186,0.017666613742078254,0.0,0.15456975496499573,0.0,1.0,True
f76_algo_trend8_align__side_total__den_all_orders__win_0930_0935,1017106,1014445,0.9973837535124166,0.002766044487379799,0.055844570216065495,0.03003549011279904,0.0,0.19596383095146985,0.0,1.0,True
f77_algo_trend8_oppose__side_absnet__den_all_orders__win_0930_0935,1017106,1014445,0.9973837535124166,0.0027236567778440427,0.008552461662717305,0.007271631311627158,0.0,0.1136890365536611,0.0,1.0,True
f77_algo_trend8_oppose__side_buy__den_all_orders__win_0930_0935,1017106,1014445,0.9973837535124166,0.0028291331713399936,0.018523982153351763,0.010360181452541257,0.0,0.1111744236508542,0.0,1.0,True
f77_algo_trend8_oppose__side_net__den_all_orders__win_0930_0935,1017106,1014445,0.9973837535124166,0.0027236567778440427,-0.0001844402148672757,0.011224402177025975,-0.1136890365536611,0.1111744236508542,-0.1136890365536611,0.1111744236508542,False
f77_algo_trend8_oppose__side_sell__den_all_orders__win_0930_0935,1017106,1014445,0.9973837535124166,0.0029257377186540424,0.01870842236821906,0.010410435997494173,0.0,0.12132278064724995,0.0,1.0,True
f77_algo_trend8_oppose__side_total__den_all_orders__win_0930_0935,1017106,1014445,0.9973837535124166,0.0027236567778440427,0.0372324045215708,0.017476666459693625,0.0,0.14809384764086767,0.0,1.0,True
f78_algo_trend32_align__side_absnet__den_all_orders__win_0930_0935,1017106,1014445,0.9973837535124166,0.0027956173079861403,0.027074233547915546,0.025330927979825585,0.0,0.2868360014065174,0.0,1.0,True
f78_algo_trend32_align__side_buy__den_all_orders__win_0930_0935,1017106,1014445,0.9973837535124166,0.0031455623518278466,0.04822551061729313,0.031051554974326438,0.0,0.29019525742443975,0.0,1.0,True
f78_algo_trend32_align__side_net__den_all_orders__win_0930_0935,1017106,1014445,0.9973837535124166,0.0027956173079861403,0.0009888464761498674,0.03706335410041558,-0.2868360014065174,0.27892769989883165,-0.2868360014065174,0.27892769989883165,False
f78_algo_trend32_align__side_sell__den_all_orders__win_0930_0935,1017106,1014445,0.9973837535124166,0.0030548723686350666,0.04723666414114327,0.03185753571104378,0.0,0.3001995237232235,0.0,1.0,True
f78_algo_trend32_align__side_total__den_all_orders__win_0930_0935,1017106,1014445,0.9973837535124166,0.0027956173079861403,0.09546217475843634,0.050838086890001195,0.0,0.38552301413751333,0.0,1.0,True
f79_algo_trend32_oppose__side_absnet__den_all_orders__win_0930_0935,1017106,1014445,0.9973837535124166,0.002751258077076628,0.011267548445310627,0.01002455153230776,0.0,0.1893209191593408,0.0,1.0,True
f79_algo_trend32_oppose__side_buy__den_all_orders__win_0930_0935,1017106,1014445,0.9973837535124166,0.002938552607583457,0.026243508103795006,0.014548032147465442,0.0,0.16666023000917732,0.0,1.0,True
f79_algo_trend32_oppose__side_net__den_all_orders__win_0930_0935,1017106,1014445,0.9973837535124166,0.002751258077076628,0.0008739848978189936,0.015056076241494664,-0.1893209191593408,0.16507138803930083,-0.1893209191593408,0.16507138803930083,False
f79_algo_trend32_oppose__side_sell__den_all_orders__win_0930_0935,1017106,1014445,0.9973837535124166,0.0030578296506957006,0.025369523205976015,0.014149410644221533,0.0,0.22012575815655813,0.0,1.0,True
f79_algo_trend32_oppose__side_total__den_all_orders__win_0930_0935,1017106,1014445,0.9973837535124166,0.002751258077076628,0.051613031309771004,0.024433924983417992,0.0,0.25093059715377547,0.0,1.0,True
f80_algo_short_volatility__side_absnet__den_all_orders__win_0930_0935,1017106,1014445,0.9973837535124166,0.0027167564530358964,0.023622479094059182,0.021106949186343007,0.0,0.26413934446541376,0.0,1.0,True
f80_algo_short_volatility__side_buy__den_all_orders__win_0930_0935,1017106,1014445,0.9973837535124166,0.002748300795015994,0.05271825603461328,0.0331607379871028,0.0,0.31967102395202074,0.0,1.0,True
f80_algo_short_volatility__side_net__den_all_orders__win_0930_0935,1017106,1014445,0.9973837535124166,0.0027167564530358964,-0.00013886795153632332,0.03167815553652335,-0.26413934446541376,0.2280753549740422,-0.26413934446541376,0.2280753549740422,False
f80_algo_short_volatility__side_sell__den_all_orders__win_0930_0935,1017106,1014445,0.9973837535124166,0.0028005461114205305,0.05285712398614968,0.03309449971054943,0.0,0.29248845814943464,0.0,1.0,True
f80_algo_short_volatility__side_total__den_all_orders__win_0930_0935,1017106,1014445,0.9973837535124166,0.0027167564530358964,0.10557538002076299,0.05819154037904068,0.0,0.4870386926176766,0.0,1.0,True
f81_algo_recent_jump__side_absnet__den_all_orders__win_0930_0935,1017106,1014445,0.9973837535124166,0.0014096377822356066,0.025455495398389122,0.02040838032247626,0.0,0.2262843610237554,0.0,1.0,True
f81_algo_recent_jump__side_buy__den_all_orders__win_0930_0935,1017106,1014445,0.9973837535124166,0.0017014229455515084,0.05424574077399469,0.024088573297924413,0.0,0.2549422701145219,0.0,1.0,True
f81_algo_recent_jump__side_net__den_all_orders__win_0930_0935,1017106,1014445,0.9973837535124166,0.0014096377822356066,0.0007299096228100894,0.03261826888887231,-0.21958673530380404,0.2262843610237554,-0.21958673530380404,0.2262843610237554,False
f81_algo_recent_jump__side_sell__den_all_orders__win_0930_0935,1017106,1014445,0.9973837535124166,0.0016787504497533135,0.05351583115118467,0.024225224310369345,0.0,0.22889875490217673,0.0,1.0,True
f81_algo_recent_jump__side_total__den_all_orders__win_0930_0935,1017106,1014445,0.9973837535124166,0.0014096377822356066,0.10776157192517932,0.035641131400779305,0.0,0.30727535223566116,0.0,1.0,True
f82_algo_same_book_frontloaded__side_absnet__den_all_orders__win_0930_0935,1017106,1014445,0.9973837535124166,9.857606868780467e-07,0.04156235248259814,0.03494634706485301,0.0,0.8761412404912332,0.0,1.0,True
f82_algo_same_book_frontloaded__side_buy__den_all_orders__win_0930_0935,1017106,1014445,0.9973837535124166,0.0011030662086165342,0.07841718117708145,0.038861303874332676,0.0,0.7855622398500944,0.0,1.0,True
f82_algo_same_book_frontloaded__side_net__den_all_orders__win_0930_0935,1017106,1014445,0.9973837535124166,9.857606868780467e-07,0.001812806863132372,0.05427144781873681,-0.8761412404912332,0.7855618212069803,-0.8761412404912332,0.7855618212069803,False
f82_algo_same_book_frontloaded__side_sell__den_all_orders__win_0930_0935,1017106,1014445,0.9973837535124166,0.0016994514241777524,0.07660437431394902,0.03823723769838459,0.0,0.8761412404912332,0.0,1.0,True
f82_algo_same_book_frontloaded__side_total__den_all_orders__win_0930_0935,1017106,1014445,0.9973837535124166,9.857606868780467e-07,0.1550215554910305,0.05476481099109258,0.0,0.8761412404912332,0.0,1.0,True
f83_algo_opponent_book_frontloaded__side_absnet__den_all_orders__win_0930_0935,1017106,1014445,0.9973837535124166,0.0002030667014968776,0.0413263079777224,0.033989770337504936,0.0,0.3590770988810367,0.0,1.0,True
f83_algo_opponent_book_frontloaded__side_buy__den_all_orders__win_0930_0935,1017106,1014445,0.9973837535124166,0.0017359245695922401,0.07842756915795648,0.03803514238329161,0.0,0.3937057304091502,0.0,1.0,True
f83_algo_opponent_book_frontloaded__side_net__den_all_orders__win_0930_0935,1017106,1014445,0.9973837535124166,0.0002030667014968776,0.003576138824328035,0.05338894501462851,-0.35191162133053033,0.3590770988810367,-0.35191162133053033,0.3590770988810367,False
f83_algo_opponent_book_frontloaded__side_sell__den_all_orders__win_0930_0935,1017106,1014445,0.9973837535124166,0.0012213574910418998,0.07485143033362841,0.03769116468557464,0.0,0.3893373976001479,0.0,1.0,True
f83_algo_opponent_book_frontloaded__side_total__den_all_orders__win_0930_0935,1017106,1014445,0.9973837535124166,0.0002030667014968776,0.15327899949158497,0.053704864334338596,0.0,0.472995631946604,0.0,1.0,True
f84_algo_same_best_thickness__side_absnet__den_all_orders__win_0930_0935,1017106,1014445,0.9973837535124166,9.857606868780467e-07,0.04257723824190516,0.03617270473773558,0.0,0.8768288991288554,0.0,1.0,True
f84_algo_same_best_thickness__side_buy__den_all_orders__win_0930_0935,1017106,1014445,0.9973837535124166,0.0011030662086165342,0.0862825891443249,0.0408277231339441,0.0,0.7881901359543224,0.0,1.0,True
f84_algo_same_best_thickness__side_net__den_all_orders__win_0930_0935,1017106,1014445,0.9973837535124166,9.857606868780467e-07,0.004994579585950283,0.05564476578359332,-0.8768288991288554,0.788189870359757,-0.8768288991288554,0.788189870359757,False
f84_algo_same_best_thickness__side_sell__den_all_orders__win_0930_0935,1017106,1014445,0.9973837535124166,0.0016994514241777524,0.08128800955837454,0.03928526083237571,0.0,0.8768288991288554,0.0,1.0,True
f84_algo_same_best_thickness__side_total__den_all_orders__win_0930_0935,1017106,1014445,0.9973837535124166,9.857606868780467e-07,0.16757059870269939,0.05765526368709656,0.0,0.8768288991288554,0.0,1.0,True
f85_algo_opponent_best_thickness__side_absnet__den_all_orders__win_0930_0935,1017106,1014445,0.9973837535124166,0.0002030667014968776,0.0450371695744509,0.036088443651296244,0.0,0.5177930843851692,0.0,1.0,True
f85_algo_opponent_best_thickness__side_buy__den_all_orders__win_0930_0935,1017106,1014445,0.9973837535124166,0.0017359245695922401,0.07698820481561876,0.03739555616768466,0.0,0.3891103058906568,0.0,1.0,True
f85_algo_opponent_best_thickness__side_net__den_all_orders__win_0930_0935,1017106,1014445,0.9973837535124166,0.0002030667014968776,0.00015670252987171383,0.05771219847456655,-0.5177930843851692,0.3650488849365049,-0.5177930843851692,0.3650488849365049,False
f85_algo_opponent_best_thickness__side_sell__den_all_orders__win_0930_0935,1017106,1014445,0.9973837535124166,0.0012213574910418998,0.07683150228574705,0.03778457164179837,0.0,0.5231264177185025,0.0,1.0,True
f85_algo_opponent_best_thickness__side_total__den_all_orders__win_0930_0935,1017106,1014445,0.9973837535124166,0.0002030667014968776,0.1538197071013658,0.04818199972730007,0.0,0.5284597510518358,0.0,1.0,True
f86_algo_return_skew_signed__side_absnet__den_all_orders__win_0930_0935,1017106,1014445,0.9973837535124166,0.0020247524508475077,0.053081059052503696,0.04844150513656195,0.0,0.5980073815338418,0.0,1.0,True
f86_algo_return_skew_signed__side_buy__den_all_orders__win_0930_0935,1017106,1014445,0.9973837535124166,0.0020809408099995565,-0.009516453956667892,0.11997583468405935,-0.5295011629788019,0.5985166226598138,-0.5295011629788019,0.5985166226598138,False
f86_algo_return_skew_signed__side_net__den_all_orders__win_0930_0935,1017106,1014445,0.9973837535124166,0.0020247524508475077,0.0023231342153914713,0.0718246566121149,-0.4901983200659866,0.5980073815338418,-0.4901983200659866,0.5980073815338418,False
f86_algo_return_skew_signed__side_sell__den_all_orders__win_0930_0935,1017106,1014445,0.9973837535124166,0.002073054724504532,-0.011839588172059367,0.11781552520556926,-0.601576775263675,0.5546573189255276,-0.601576775263675,0.5546573189255276,False
f86_algo_return_skew_signed__side_total__den_all_orders__win_0930_0935,1017106,1014445,0.9973837535124166,0.00202376669016063,-0.021356042128727257,0.22669498555934917,-0.7448181674441794,0.6832488812394732,-0.7448181674441794,0.6832488812394732,False
f87_algo_return_excess_kurtosis__side_absnet__den_all_orders__win_0930_0935,1017106,1014445,0.9973837535124166,0.002073054724504532,0.0799387521725527,0.06423211554711673,0.0,0.7057538052369069,0.0,1.0,True
f87_algo_return_excess_kurtosis__side_buy__den_all_orders__win_0930_0935,1017106,1014445,0.9973837535124166,0.0021243142802221905,0.1590518707546581,0.07140111320325634,0.0,0.7063547992606201,0.0,1.0,True
f87_algo_return_excess_kurtosis__side_net__den_all_orders__win_0930_0935,1017106,1014445,0.9973837535124166,0.002073054724504532,0.004857150029344809,0.10243230379209184,-0.6264488369505978,0.7057538052369069,-0.6264488369505978,0.7057538052369069,False
f87_algo_return_excess_kurtosis__side_sell__den_all_orders__win_0930_0935,1017106,1014445,0.9973837535124166,0.0021213569981615565,0.15419472072531343,0.07133265665792099,0.0,0.6982398940914833,0.0,1.0,True
f87_algo_return_excess_kurtosis__side_total__den_all_orders__win_0930_0935,1017106,1014445,0.9973837535124166,0.002072068963817654,0.3132465914799715,0.09940099036190089,0.0,0.7945663393099069,0.0,1.0,True
f88_algo_semivariance_asymmetry__side_absnet__den_all_orders__win_0930_0935,1017106,1014445,0.9973837535124166,0.0020247524508475077,0.028271021635345166,0.03410672633036308,0.0,0.8754889942744366,0.0,1.0,True
f88_algo_semivariance_asymmetry__side_buy__den_all_orders__win_0930_0935,1017106,1014445,0.9973837535124166,0.0020809408099995565,-0.0006904177185818604,0.07155182425757563,-0.42853120480875784,0.7760529896349297,-0.42853120480875784,0.7760529896349297,False
f88_algo_semivariance_asymmetry__side_net__den_all_orders__win_0930_0935,1017106,1014445,0.9973837535124166,0.0020247524508475077,0.005090778936029201,0.04400685645561289,-0.8754889942744366,0.7753926936911019,-0.8754889942744366,0.7753926936911019,False
f88_algo_semivariance_asymmetry__side_sell__den_all_orders__win_0930_0935,1017106,1014445,0.9973837535124166,0.002073054724504532,-0.005781196654611065,0.0706489411543251,-0.6245688516145252,0.8768288991288552,-0.6245688516145252,0.8768288991288552,False
f88_algo_semivariance_asymmetry__side_total__den_all_orders__win_0930_0935,1017106,1014445,0.9973837535124166,0.00202376669016063,-0.006471614373192927,0.135223036005422,-0.6587122520007631,0.8781688039832738,-0.6587122520007631,0.8781688039832738,False
f89_algo_path_efficiency__side_absnet__den_all_orders__win_0930_0935,1017106,1014445,0.9973837535124166,0.0025669208286304332,0.0006103950423301712,0.003343673415653441,0.0,0.8754889942744368,0.0,1.0,True
f89_algo_path_efficiency__side_buy__den_all_orders__win_0930_0935,1017106,1014445,0.9973837535124166,0.0026063512561055554,0.0009495750498351272,0.0032348282313934542,0.0,0.4514802631579026,0.0,1.0,True
f89_algo_path_efficiency__side_net__den_all_orders__win_0930_0935,1017106,1014445,0.9973837535124166,0.0025669208286304332,4.525795449662162e-06,0.003398928292186281,-0.8754889942744368,0.4348141526267027,-0.8754889942744368,0.4348141526267027,False
f89_algo_path_efficiency__side_sell__den_all_orders__win_0930_0935,1017106,1014445,0.9973837535124166,0.002605365495418677,0.0009450492543854647,0.0021820570246246316,0.0,0.8768288991288554,0.0,1.0,True
f89_algo_path_efficiency__side_total__den_all_orders__win_0930_0935,1017106,1014445,0.9973837535124166,0.0025659350679435554,0.0018946243042205913,0.0043472128490842565,0.0,0.878168803983274,0.0,1.0,True
f90_algo_max_drawdown_strength__side_absnet__den_all_orders__win_0930_0935,1017106,1014445,0.9973837535124166,0.0027009842820458476,0.07777141463993308,0.062483787919413135,0.0,0.6057998694664405,0.0,1.0,True
f90_algo_max_drawdown_strength__side_buy__den_all_orders__win_0930_0935,1017106,1014445,0.9973837535124166,0.0027197137350965304,0.15483110641327608,0.06906414693405913,0.0,0.6063157463889787,0.0,1.0,True
f90_algo_max_drawdown_strength__side_net__den_all_orders__win_0930_0935,1017106,1014445,0.9973837535124166,0.0027009842820458476,0.00440944794243576,0.09966530718709267,-0.6057289279476175,0.6057998694664405,-0.6057289279476175,0.6057998694664405,False
f90_algo_max_drawdown_strength__side_sell__den_all_orders__win_0930_0935,1017106,1014445,0.9973837535124166,0.0027236567778440427,0.1504216584708403,0.06980627766990222,0.0,0.6444769391795914,0.0,1.0,True
f90_algo_max_drawdown_strength__side_total__den_all_orders__win_0930_0935,1017106,1014445,0.9973837535124166,0.0026999985213589698,0.3052527648841163,0.09670766324865956,0.0,0.7294761872484455,0.0,1.0,True
f91_algo_trade_price_concentration__side_absnet__den_all_orders__win_0930_0935,1017106,1014445,0.9973837535124166,1.8729453050682886e-05,0.014681755260693844,0.014912399081084845,0.0,0.7840473695985216,0.0,1.0,True
f91_algo_trade_price_concentration__side_buy__den_all_orders__win_0930_0935,1017106,1014445,0.9973837535124166,0.00012519160723351193,0.027980269025517878,0.015943320644323692,0.0,0.7847150355465337,0.0,1.0,True
f91_algo_trade_price_concentration__side_net__den_all_orders__win_0930_0935,1017106,1014445,0.9973837535124166,1.8729453050682886e-05,0.001196258167569947,0.020892643448950487,-0.6885158664182791,0.7840473695985216,-0.6885158664182791,0.7840473695985216,False
f91_algo_trade_price_concentration__side_sell__den_all_orders__win_0930_0935,1017106,1014445,0.9973837535124166,0.00015377866715297528,0.02678401085794794,0.014042830452169542,0.0,0.6895696155319646,0.0,1.0,True
f91_algo_trade_price_concentration__side_total__den_all_orders__win_0930_0935,1017106,1014445,0.9973837535124166,1.7743692363804838e-05,0.05476427988346581,0.021593484440155186,0.0,0.7853827014945457,0.0,1.0,True
f92_algo_price_trade_resonance_signed__side_absnet__den_all_orders__win_0930_0935,1017106,1014445,0.9973837535124166,0.0023234379389715557,0.014730420499422501,0.013346151538276861,0.0,0.20032071308891816,0.0,1.0,True
f92_algo_price_trade_resonance_signed__side_buy__den_all_orders__win_0930_0935,1017106,1014445,0.9973837535124166,0.0024032845546086774,0.030330330436095867,0.018672775198006347,-0.05413959415016965,0.23144711051160502,-0.05413959415016965,0.23144711051160502,False
f92_algo_price_trade_resonance_signed__side_net__den_all_orders__win_0930_0935,1017106,1014445,0.9973837535124166,0.0023234379389715557,0.0007557901886395396,0.019862875677081924,-0.1867750170342743,0.20032071308891816,-0.1867750170342743,0.20032071308891816,False
f92_algo_price_trade_resonance_signed__side_sell__den_all_orders__win_0930_0935,1017106,1014445,0.9973837535124166,0.002342167392022239,0.02957454024745628,0.018864873375659223,-0.0945945945945946,0.23993919105568748,-0.0945945945945946,0.23993919105568748,False
f92_algo_price_trade_resonance_signed__side_total__den_all_orders__win_0930_0935,1017106,1014445,0.9973837535124166,0.0023234379389715557,0.059904870683552144,0.031852443108600983,-0.14873418874476424,0.4158526877495857,-0.14873418874476424,0.4158526877495857,False
f93_algo_realized_volatility__side_absnet__den_all_orders__win_0930_0935,1017106,1014445,0.9973837535124166,0.0012972610639315092,0.0811306366321586,0.06525804372819867,0.0,0.7792489330237323,0.0,1.0,True
f93_algo_realized_volatility__side_buy__den_all_orders__win_0930_0935,1017106,1014445,0.9973837535124166,0.0013909083291849238,0.16163406496127378,0.0730238404855759,0.0,0.7799125127993665,0.0,1.0,True
f93_algo_realized_volatility__side_net__den_all_orders__win_0930_0935,1017106,1014445,0.9973837535124166,0.0012972610639315092,0.004967372058285336,0.10400056579848695,-0.6401418801126002,0.7792489330237323,-0.6401418801126002,0.7792489330237323,False
f93_algo_realized_volatility__side_sell__den_all_orders__win_0930_0935,1017106,1014445,0.9973837535124166,0.0013899225684980458,0.15666669290298854,0.07280758316916683,0.0,0.713502160446334,0.0,1.0,True
f93_algo_realized_volatility__side_total__den_all_orders__win_0930_0935,1017106,1014445,0.9973837535124166,0.0012962753032446314,0.3183007578642624,0.10222882766612629,0.0,0.7957814846837474,0.0,1.0,True
f94_algo_jump_variation_share__side_absnet__den_all_orders__win_0930_0935,1017106,1014445,0.9973837535124166,0.0012972610639315092,0.0464420871271666,0.03790726428635696,0.0,0.7250390720596479,0.0,1.0,True
f94_algo_jump_variation_share__side_buy__den_all_orders__win_0930_0935,1017106,1014445,0.9973837535124166,0.0013909083291849238,0.09203006625190242,0.04221545918475917,0.0,0.7256564887083902,0.0,1.0,True
f94_algo_jump_variation_share__side_net__den_all_orders__win_0930_0935,1017106,1014445,0.9973837535124166,0.0012972610639315092,0.0029551256994789525,0.05987566596292125,-0.671738677530578,0.7250390720596479,-0.671738677530578,0.7250390720596479,False
f94_algo_jump_variation_share__side_sell__den_all_orders__win_0930_0935,1017106,1014445,0.9973837535124166,0.0013899225684980458,0.08907494055242345,0.04185283709383015,0.0,0.6727667497517144,0.0,1.0,True
f94_algo_jump_variation_share__side_total__den_all_orders__win_0930_0935,1017106,1014445,0.9973837535124166,0.0012962753032446314,0.18110500680432592,0.05901283385385026,0.0,0.7262739053571324,0.0,1.0,True
f95_algo_local_count_illiquidity__side_absnet__den_all_orders__win_0930_0935,1017106,1014445,0.9973837535124166,0.002701970042732726,0.04745653518977869,0.039763903630520986,0.0,0.5490648117547758,0.0,1.0,True
f95_algo_local_count_illiquidity__side_buy__den_all_orders__win_0930_0935,1017106,1014445,0.9973837535124166,0.0027206994957834087,0.0953762459281726,0.047486129377103746,0.0,0.4421900446393862,0.0,1.0,True
f95_algo_local_count_illiquidity__side_net__den_all_orders__win_0930_0935,1017106,1014445,0.9973837535124166,0.002701970042732726,0.0027940465288751803,0.061850497719505404,-0.5490648117547758,0.3995960704603574,-0.5490648117547758,0.3995960704603574,False
f95_algo_local_count_illiquidity__side_sell__den_all_orders__win_0930_0935,1017106,1014445,0.9973837535124166,0.002724642538530921,0.09258219939929746,0.04740894294909086,0.0,0.5734400312611093,0.0,1.0,True
f95_algo_local_count_illiquidity__side_total__den_all_orders__win_0930_0935,1017106,1014445,0.9973837535124166,0.0027009842820458476,0.18795844532747005,0.0719694146244628,0.0,0.5978152507674428,0.0,1.0,True
f96_algo_average_spread_wide__side_absnet__den_all_orders__win_0930_0935,1017106,1014445,0.9973837535124166,0.01101094687242778,0.02808679613504591,0.03643282072534479,0.0,0.5130560875845309,0.0,1.0,True
f96_algo_average_spread_wide__side_buy__den_all_orders__win_0930_0935,1017106,1014445,0.9973837535124166,0.01102179023998344,0.06104542640654003,0.0627799807995187,0.0,0.578358052802212,0.0,1.0,True
f96_algo_average_spread_wide__side_net__den_all_orders__win_0930_0935,1017106,1014445,0.9973837535124166,0.01101094687242778,0.0017204116363772556,0.045970193897112946,-0.5130560875845309,0.48686192715227283,-0.5130560875845309,0.48686192715227283,False
f96_algo_average_spread_wide__side_sell__den_all_orders__win_0930_0935,1017106,1014445,0.9973837535124166,0.011029676325478464,0.05932501477016278,0.0617552639590623,0.0,0.5546560958862047,0.0,1.0,True
f96_algo_average_spread_wide__side_total__den_all_orders__win_0930_0935,1017106,1014445,0.9973837535124166,0.011009961111740903,0.12037044117670287,0.11574462624564737,0.0,0.7584650426730035,0.0,1.0,True
f97_algo_average_opponent_thin__side_absnet__den_all_orders__win_0930_0935,1017106,1014445,0.9973837535124166,1.9715213737560934e-06,0.00437877185152096,0.007923929860575179,0.0,0.8015567841744384,0.0,1.0,True
f97_algo_average_opponent_thin__side_buy__den_all_orders__win_0930_0935,1017106,1014445,0.9973837535124166,0.00010843367555658513,0.00880391725584503,0.009883235014399314,0.0,0.6890763028535848,0.0,1.0,True
f97_algo_average_opponent_thin__side_net__den_all_orders__win_0930_0935,1017106,1014445,0.9973837535124166,1.9715213737560934e-06,0.00043151667729103587,0.009043013917948317,-0.8015567841744384,0.6884900100438937,-0.8015567841744384,0.6884900100438937,False
f97_algo_average_opponent_thin__side_sell__den_all_orders__win_0930_0935,1017106,1014445,0.9973837535124166,0.00013899225684980458,0.008372400578553995,0.008082625218230019,0.0,0.8027835384034828,0.0,1.0,True
f97_algo_average_opponent_thin__side_total__den_all_orders__win_0930_0935,1017106,1014445,0.9973837535124166,9.857606868780467e-07,0.01717631783439903,0.015628123010017085,0.0,0.8040102926325272,0.0,1.0,True
f98_maker_wide_spread__den_all_orders__win_0930_0935,1017106,1014445,0.9973837535124166,0.013087944639679825,0.05940321567979673,0.06008392238652004,0.0,0.5903607892167637,0.0,1.0,True
f99_maker_refresh__den_all_orders__win_0930_0935,1017106,1014445,0.9973837535124166,0.0029907979239879932,0.0304424670283989,0.016049306859959665,0.0,0.26814591816700567,0.0,1.0,True
